date,open,high,low,close,volume,raw_close,change_percent,avg_vol_20d
02/01/2020,28.3,28.71304,28.114,28.684,143375784,430.26,2.85,153126135
03/01/2020,29.36666,30.26666,29.128,29.534,266920473,443.01,2.96,162319968.4
06/01/2020,29.36466,30.104,29.33334,30.10266,152362493,451.5399,1.93,167135361.1
07/01/2020,30.76,31.442,30.22366,31.27066,273137103,469.0599,3.88,175078013.8
08/01/2020,31.58,33.23266,31.21534,32.80934,467990844,492.1401,4.92,191697393.5
09/01/2020,33.14,33.25334,31.52466,32.08934,426947816,481.3401,-2.19,206414820.6
10/01/2020,32.11934,32.32934,31.58,31.87666,194652441,478.1499,-0.66,210958071.4
13/01/2020,32.9,35.042,32.8,34.99066,399518247,524.8599,9.77,225101825.8
14/01/2020,36.28366,36.494,34.99334,35.86134,435920696,537.9201,2.49,242031050.8
15/01/2020,35.31734,35.856,34.45236,34.56666,260532469,518.4999,-3.61,241391970.6
16/01/2020,32.91666,34.29734,32.81134,34.23266,326049736,513.4899,-0.97,251316625.7
17/01/2020,33.84066,34.378,33.544,34.03334,204436056,510.5001,-0.58,250936135.7
21/01/2020,35.35,36.572,35.22734,36.48,267052083,547.2,7.19,250698507.2
22/01/2020,38.126,39.63334,37.27334,37.97066,470535444,569.5599,4.09,263136372.4
23/01/2020,37.61666,38.8,37.04018,38.14666,294765572,572.1999,0.46,267875036.4
24/01/2020,38.042,38.25732,36.95066,37.65466,215303991,564.8199,-1.29,272599196.2
27/01/2020,36.13266,37.62934,35.952,37.20134,204121056,558.0201,-1.2,274819031.9
28/01/2020,37.89934,38.454,37.20534,37.79334,176827342,566.9001,1.59,276192779.1
29/01/2020,38.37934,39.32,37.82866,38.73266,273250068,580.9899,2.49,280404330.4
30/01/2020,42.16134,43.392,41.2,42.72066,435085181,640.8099,10.3,294439244.8
31/01/2020,42.66666,43.53334,42.168,43.37134,235789055,650.5701,1.52,299059908.3
03/02/2020,44.91268,52.40934,44.90134,52,708502469,780,19.89,321139008.1
04/02/2020,58.864,64.59934,55.592,59.13734,914081390,887.0601,13.73,359224953
05/02/2020,54.884,56.39866,46.94072,48.98,726357568,734.7,-17.18,381885976.2
06/02/2020,46.66132,53.05534,45.8,49.93066,598211284,748.9599,1.94,388396998.2
07/02/2020,48.70334,51.31666,48.66666,49.87134,255952789,748.0701,-0.12,379847246.9
10/02/2020,53.33334,54.666,50.16,51.41866,370337384,771.2799,3.1,388631494
11/02/2020,51.25266,52.23374,50.53334,51.62534,175462042,774.3801,0.4,377428683.8
12/02/2020,51.858,52.65,50.89134,51.15266,180337042,767.2899,-0.92,364649501.1
13/02/2020,49.456,54.53334,49,53.6,394340263,804,4.78,371339890.8
14/02/2020,52.48134,54.198,52.36666,53.33534,235405655,800.0301,-0.49,366807686.7
18/02/2020,56.10666,57.33334,55.49066,57.22666,250475524,858.3999,7.3,369109660.1
19/02/2020,61.56666,62.98534,60.068,61.16132,381344398,917.4198,6.88,374824275.9
20/02/2020,60.79666,60.8,57.32934,59.96066,264523353,899.4099,-1.96,364523671.3
21/02/2020,60.46534,60.87066,58.69666,60.06666,215091741,900.9999,0.18,360539979.8
24/02/2020,55.93332,57.56666,54.81334,55.586,227882390,833.79,-7.46,361168899.7
25/02/2020,56.6,57.10666,52.46666,53.32734,259357189,799.9101,-4.06,363930706.4
26/02/2020,52.16666,54.22066,51.74066,51.92,212307591,778.8,-2.64,365704718.8
27/02/2020,48.66666,49.318,44.6,45.26666,364157384,678.9999,-12.81,370250084.6
28/02/2020,41.98,46.03466,40.768,44.53266,368462504,667.9899,-1.62,366918950.8
02/03/2020,47.41734,49.57934,45.778,49.57466,302924837,743.6199,11.32,370275739.9
03/03/2020,53.66666,53.79866,47.7407,49.70066,386759983,745.5099,0.25,354188615.6
04/03/2020,50.93068,51.10134,48.31564,49.96668,225734690,749.5002,0.54,319771280.6
05/03/2020,48.25134,49.71668,47.87134,48.30266,162789893,724.5399,-3.33,291592896.8
06/03/2020,46.00026,47.13334,45.618,46.89866,189943792,703.4799,-2.91,271179522.2
09/03/2020,40.35934,44.19986,40.33334,40.53332,256106089,607.9998,-13.57,271187187.2
10/03/2020,43.962,44.53334,40.53332,43.022,233916590,645.33,6.14,264366147.5
11/03/2020,42.68,43.572,40.86666,42.282,201203841,634.23,-1.72,265653237.5
12/03/2020,38.726,39.63334,36.41666,37.37,283635753,560.55,-11.62,270818173
13/03/2020,39.66666,40.50466,33.46666,36.44134,339603765,546.6201,-2.49,268081348.1
16/03/2020,31.29998,32.99134,29.478,29.67134,307341901,445.0701,-18.58,271678160.4
17/03/2020,29.334,31.45666,26.4,28.68,359918684,430.2,-3.34,277150318.4
18/03/2020,25.93334,26.99066,23.36734,24.08134,356792384,361.2201,-16.03,275922717.7
19/03/2020,24.9798,30.13334,23.89734,28.50934,452931895,427.6401,18.39,285343144.8
20/03/2020,29.21334,31.8,28.386,28.502,424282511,427.53,-0.03,295802683.3
23/03/2020,28.90666,29.46666,27.36666,28.95266,246818254,434.2899,1.58,296749476.5
24/03/2020,31.82,34.246,31.6,33.66666,343427505,504.9999,16.28,300952992.3
25/03/2020,36.35,37.13334,34.074,35.95,318341266,539.25,6.78,306254676.1
26/03/2020,36.49266,37.33334,34.15,35.21066,261331189,528.1599,-2.06,301113366.3
27/03/2020,33.66666,35.05334,32.93534,34.29066,215661141,514.3599,-2.61,293473298.2
30/03/2020,34.01734,34.44314,32.74866,33.47534,179971042,502.1301,-2.38,287325608.4
31/03/2020,33.41666,36.19734,33.13334,34.93334,266572338,524.0001,4.36,281316226.2
01/04/2020,33.6,34.26366,31.67334,32.104,200297691,481.56,-8.1,280044376.2
02/04/2020,32.06866,32.95066,29.76,30.298,297876467,454.47,-5.63,286798704.9
03/04/2020,33.96666,34.366,31.226,32.00068,338431185,480.0102,5.62,294223074.6
06/04/2020,34.08,34.73334,33.19734,34.416,223527590,516.24,7.55,292594149.6
07/04/2020,36.33334,37.66666,35.48934,36.36334,268796673,545.4501,5.66,294338153.8
08/04/2020,36.94666,37.1472,35.55534,36.58934,189840292,548.8401,0.62,293769976.3
09/04/2020,37.47266,38.34546,37.14066,38.2,204749991,573,4.4,289825688.2
13/04/2020,39.344,43.46668,38.702,43.39666,337131285,650.9499,13.6,289702064.2
14/04/2020,46.598,49.45866,46.162,47.326,458647630,709.89,9.05,297267350.7
15/04/2020,49.46668,50.20866,47.33334,48.65534,353654984,729.8301,2.81,296954165.7
16/04/2020,47.796,50.63,47.11434,49.68066,309867871,745.2099,2.11,294607940
17/04/2020,51.48534,51.66334,49.844,50.25934,196923441,753.8901,1.16,281807517.3
20/04/2020,48.84668,51.038,47.48066,49.75734,221195540,746.3601,-1,271653168.8
21/04/2020,48.67466,50.222,44.91934,45.78134,303136307,686.7201,-7.99,274469071.4
22/04/2020,46.932,48.93334,45.914,48.80734,213372456,732.1101,6.61,267966319
23/04/2020,48.50666,48.93334,46.87534,47.042,198550491,705.63,-3.62,261976780.2
24/04/2020,47.38734,48.71534,46.54534,48.34334,198564141,725.1501,2.77,258838427.8
27/04/2020,49.174,53.29932,49,53.25,310221571,798.75,10.15,263566449.3
28/04/2020,53.04266,53.66666,50.446,51.27468,228329390,769.1202,-3.71,265984366.7
29/04/2020,52.678,53.54666,52.21066,53.36734,243239674,800.5101,4.08,264817733.5
30/04/2020,57.01268,57.988,50.9,52.12534,427077701,781.8801,-2.33,276156734
01/05/2020,50.33334,51.518,45.536,46.75468,487977114,701.3202,-10.3,285661766.4
04/05/2020,46.73334,50.8,46.53334,50.746,288556307,761.19,8.54,283168022.5
05/05/2020,52.65266,53.26134,50.812,51.214,254874889,768.21,0.92,284735387.4
06/05/2020,51.76666,52.65334,50.74066,52.172,166848428,782.58,1.87,279637975.2
07/05/2020,51.814,53.09334,51.49,52.00266,172915342,780.0399,-0.32,278791727.7
08/05/2020,52.918,54.93332,52.46734,54.628,241951339,819.42,5.05,280651795.1
11/05/2020,52.70066,54.93332,52.33334,54.086,247793989,811.29,-0.99,276184930.3
12/05/2020,55.13334,56.21934,53.86666,53.96066,238603655,809.4099,-0.23,265182731.5
13/05/2020,54.722,55.06666,50.88666,52.73066,285982337,790.9599,-2.28,261799099.2
14/05/2020,52,53.55734,50.93334,53.55534,205232856,803.3301,1.56,256567348.4
15/05/2020,52.69,53.6699,52.4368,53.278,157776428,799.17,-0.52,254609997.8
18/05/2020,55.18534,55.648,53.592,54.242,175471492,813.63,1.81,252323795.4
19/05/2020,54.34466,54.80466,53.73868,53.86734,144547824,808.0101,-0.69,244394371.2
20/05/2020,54.7,55.06666,54.12,54.37066,109639060,815.5599,0.93,239207701.4
21/05/2020,54.4,55.5,53.06666,55.17334,183818692,827.6001,1.48,238471111.5
22/05/2020,54.8116,55.452,54.13334,54.45868,149812133,816.8802,-1.3,236033511.1
26/05/2020,55.63334,55.64,54.38034,54.59134,121346035,818.8701,0.24,226589734.3
27/05/2020,54.724,55.18066,52.33334,54.682,173242942,820.23,0.17,223835411.9
28/05/2020,54.234,54.98332,53.446,53.72066,109136590,805.8099,-1.76,217130257.7
29/05/2020,53.91666,55.66666,53.614,55.66666,177187342,834.9999,3.62,204635739.7
01/06/2020,57.2,59.93332,56.94,59.87334,226279490,898.1001,7.56,191550858.5
02/06/2020,59.64666,60.57734,58.06666,58.77066,203483991,881.5599,-1.84,187297242.7
03/06/2020,59.208,59.86266,58.67334,58.864,119242030,882.96,0.16,180515599.8
04/06/2020,59.32532,59.71666,57.22934,57.62534,133315689,864.3801,-2.1,178838962.8
05/06/2020,58.52266,59.10134,57.74666,59.044,117178750,885.66,2.46,176052133.2
08/06/2020,61.26666,63.33334,60.61066,63.328,212620941,949.92,7.26,174585613.3
09/06/2020,62.66734,63.62932,61.5954,62.71134,170822242,940.6701,-0.97,170737026
10/06/2020,66.12534,68.49866,65.5,68.33666,278451138,1025.0499,8.97,172729400.1
11/06/2020,66.01334,67.93066,64.8,64.856,238747190,972.84,-5.09,170367642.8
12/06/2020,65.33334,65.86534,60.84,62.352,251450524,935.28,-3.86,172678526.2
15/06/2020,61.186,66.58934,60.56666,66.06,235457675,990.9,5.95,176562588.5
16/06/2020,67.45666,67.52534,64.15934,65.47534,210766191,982.1301,-0.89,178327323.5
17/06/2020,65.84734,67,65.50474,66.11934,148361993,991.7901,0.98,178518031.9
18/06/2020,66.86666,67.94666,66.29806,66.93066,146279034,1003.9599,1.23,180350030.6
19/06/2020,67.51866,67.73134,66.08934,66.72666,130196229,1000.8999,-0.3,177668907.5
22/06/2020,66.66334,67.25866,66.00134,66.288,95435246,994.32,-0.66,174950063.1
23/06/2020,66.592,67.46666,66.26734,66.78534,95479061,1001.7801,0.75,173656714.4
24/06/2020,66.274,66.72566,63.54276,64.05666,164393843,960.8499,-4.09,173214259.5
25/06/2020,63.618,65.732,62.47666,65.732,138818229,985.98,2.62,174698341.4
26/06/2020,66.31866,66.33334,63.658,63.98266,132823614,959.7399,-2.66,172480155
29/06/2020,64.60068,67.33334,63.23468,67.29,135396054,1009.35,5.17,167935983.2
30/06/2020,67.1,72.51266,66.91534,71.98734,253777489,1079.8101,6.98,170450658.1
01/07/2020,72.2,75.68866,72.03334,74.642,199903491,1119.63,3.69,174483731.2
02/07/2020,81.432,81.86668,79.04,80.57734,258751774,1208.6601,7.95,180755535.4
06/07/2020,85.11268,91.85268,84.40294,91.43868,308547871,1371.5802,13.48,190323991.5
07/07/2020,93.66734,95.3,89.114,92.65734,322344856,1389.8601,1.33,195810187.2
08/07/2020,93.66668,94.484,87.42268,91.05868,244669654,1365.8802,-1.73,199502557.8
09/07/2020,93.13268,93.904,90.08534,92.952,175763992,1394.28,2.08,194368200.5
10/07/2020,93.06668,103.261,91.734,102.97668,350063250,1544.6502,10.78,199934003.5
13/07/2020,110.6,119.666,98.074,99.804,584780359,1497.06,-3.08,216600495.3
14/07/2020,103.73334,106,95.4,101.12,351272100,1516.8,1.32,222391216.5
15/07/2020,102.86668,103.33334,97.13334,103.06734,245517454,1546.0101,1.93,224128779.7
16/07/2020,98.47734,102.114,97.73334,100.04268,214511856,1500.6402,-2.93,227436272.8
17/07/2020,100.89668,102.50068,99.33334,100.056,139949574,1500.84,0.01,227119799.8
20/07/2020,101.26734,110,99.2,109.53334,256820524,1643.0001,9.47,233451014.6
21/07/2020,109.32868,111.66668,103.86668,104.55734,242359189,1568.3601,-4.54,240797211.7
22/07/2020,106.6,108.428,104.13334,106.15534,212416191,1592.3301,1.53,246644068.2
23/07/2020,111.93,112.6,98.718,100.87134,364927484,1513.0701,-4.98,256670750.3
24/07/2020,94.40068,97.66668,91.10268,94.46668,290949272,1417.0002,-6.35,264277302.4
27/07/2020,95.66668,103.196,94.2,102.64,240730054,1539.6,8.65,269672624.4
28/07/2020,100.26668,104.31334,98.29468,98.43268,237130475,1476.4902,-4.1,274759345.5
29/07/2020,100.06668,102.32068,99.13334,99.94068,141403389,1499.1102,1.53,269140640.5
30/07/2020,99.2,100.88268,98.06668,99.166,114315595,1487.49,-0.78,264861245.7
31/07/2020,101,101.13668,94.732,95.384,183704392,1430.76,-3.81,261108876.6
03/08/2020,96.61334,100.654,96.29234,99,132140184,1485,3.79,252288492.2
04/08/2020,99.66734,101.82734,97.46668,99.13334,126224844,1487.0001,0.13,242482491.6
05/08/2020,99.53268,99.9892,97.88734,99.00134,74670222,1485.0201,-0.13,233982520
06/08/2020,99.38868,101.154,98.484,99.30534,89884691,1489.5801,0.31,229688555
07/08/2020,99.96914,99.98334,94.334,96.84734,133446294,1452.7101,-2.48,218857707.2
10/08/2020,96.53334,97.16668,92.38934,94.57134,112833955,1418.5701,-2.35,195260387
11/08/2020,93.06668,94.66668,91,91.626,129387504,1374.39,-3.11,184166157.2
12/08/2020,98,105.66668,95.66668,103.65068,328482436,1554.7602,13.12,188314406.3
13/08/2020,107.4,110.07868,104.484,108.06668,306379667,1621.0002,4.26,192907796.8
14/08/2020,110.99934,111.25334,108.44268,110.04734,188664142,1650.7101,1.83,195343525.2
17/08/2020,111.8,123.05734,111.522,122.376,303634787,1835.64,11.2,197684238.4
18/08/2020,126.59934,128.26,123.00734,125.806,247117339,1887.09,2.8,197922145.9
19/08/2020,124.33334,127.4,122.74734,125.23534,183079942,1878.5301,-0.45,196455333.4
20/08/2020,124.04534,134.79934,123.804,133.45534,309177001,2001.8301,6.56,193667809.3
21/08/2020,136.31734,139.69934,135.00334,136.66534,322343401,2049.9801,2.41,195237515.7
24/08/2020,141.75168,141.93334,128.50134,134.28,300954272,2014.2,-1.75,198248726.6
25/08/2020,131.65934,135.19668,131.2,134.88934,159883343,2023.3401,0.45,194386370
26/08/2020,137.33334,144.4,136.9086,143.54468,213590691,2153.1702,6.42,197995735.1
27/08/2020,145.364,153.04,142.83334,149.25,355395569,2238.75,3.97,210049733.8
28/08/2020,153.008,154.566,145.768,147.56,301217657,2213.4,-1.13,215925397.1
31/08/2020,148.2033333,166.7133333,146.7033333,166.1066667,355123184,498.32,12.57,227074547.1
01/09/2020,167.38,167.4966667,156.8366667,158.35,270358258,475.05,-4.67,234281217.8
02/09/2020,159.6633333,159.68,135.0402,149.1233333,288528367,447.37,-5.83,244974125
03/09/2020,135.7433333,143.9333333,134,135.6666667,262788250,407,-9.02,253619303
04/09/2020,134.27,142.6666667,124.0067,139.44,330965708,418.32,2.78,263495273.7
08/09/2020,118.6666667,122.9133333,109.96,110.07,346397075,330.21,-21.06,275173429.7
09/09/2020,118.8666667,123,113.8366667,122.0933333,238397291,366.28,10.92,280623919
10/09/2020,128.7366667,132.9966667,120.1866667,123.78,254791820,371.34,1.38,276939388.2
11/09/2020,127.3133333,127.5,120.1666667,124.24,182152366,372.72,0.37,270728023.2
14/09/2020,126.9833333,140,124.4333333,139.8733333,249061820,419.62,12.58,273747907.1
15/09/2020,145.52,153.98,143.5666667,149.92,291894694,449.76,7.18,273160902.4
16/09/2020,146.6233333,152.5966667,145.1033333,147.2533333,217640268,441.76,-1.78,271687048.9
17/09/2020,138.5333333,145.93,136.0000333,141.1433333,230337461,423.43,-4.15,274049924.8
18/09/2020,149.3133333,150.3333333,142.9333333,147.3833333,259220428,442.15,4.42,271552096.2
21/09/2020,151.0433333,151.8933333,135.69,149.7966667,328430381,449.39,1.64,271856445.2
22/09/2020,143.2,145.92,139.2000333,141.41,238742384,424.23,-5.6,268745850.8
23/09/2020,135.0533333,137.3833333,125.2933667,126.7866667,285222532,380.36,-10.34,275012810.2
24/09/2020,121.2666667,133.1666667,117.1,129.2633333,289683157,387.79,1.95,278817433.5
25/09/2020,131.1566667,136.2441,130.4333333,135.78,201625377,407.34,5.04,271128923.9
28/09/2020,141.54,142.6933333,138.5166667,140.4,149158673,421.2,3.4,263525974.7
29/09/2020,138.6666667,142.8333333,137.2,139.69,151024190,419.07,-0.51,253321025
30/09/2020,140.44,144.6433333,140.1566667,143.0033333,144436694,429.01,2.37,247024946.8
01/10/2020,146.92,149.6266667,144.8066667,149.3866667,152224343,448.16,4.46,240209745.6
02/10/2020,140.4633333,146.3766667,138.3333333,138.3633333,214290087,415.09,-7.38,237784837.5
05/10/2020,141.1166667,144.5466667,139.7766667,141.8933333,134168375,425.68,2.55,227944970.8
06/10/2020,141.2633333,142.9266333,135.35,137.9933333,147438770,413.98,-2.75,217997055.6
07/10/2020,139.9566667,143.3,137.9483333,141.7666667,129383129,425.3,2.73,212546347.5
08/10/2020,146.1466667,146.3333333,141.7666667,141.9733333,121263359,425.92,0.15,205869924.4
09/10/2020,143.3766667,144.8633,142.1533667,144.6666667,86776977,434,1.9,201101155
12/10/2020,147.3333333,149.58,146.1933333,147.4333333,116373384,442.3,1.91,194466733.2
13/10/2020,147.7833333,149.63,145.5333333,148.8833333,103391013,446.65,0.98,185041549.1
14/10/2020,149.9266667,155.3,149.1166667,153.7666667,144136169,461.3,3.28,181366344.2
15/10/2020,150.1033333,152.19,147.5,149.6266667,107017053,448.88,-2.69,175200323.8
16/10/2020,151.48,151.9833,146.2833333,146.5566667,98327634,439.67,-2.05,167155684.1
19/10/2020,148.7466667,149,142.9566667,143.61,108863517,430.83,-2.01,156177340.9
20/10/2020,143.9166667,143.9166667,139.6833667,140.6466667,94968858,421.94,-2.06,148988664.6
21/10/2020,140.9,144.3166667,140.4166667,140.88,97111380,422.64,0.17,139583107
22/10/2020,147.3066667,148.41,141.5033333,141.93,119979570,425.79,0.75,131097927.6
23/10/2020,140.6133333,140.9619667,135.7933667,140.21,101150937,420.63,-1.21,126074205.6
26/10/2020,137.21,141.92,136.6666667,140.0933333,84717478,420.28,-0.08,122852145.9
27/10/2020,141.2533333,143.5,140.0333333,141.56,68059528,424.68,1.05,118703912.8
28/10/2020,138.8266667,139.5333333,135.3333333,135.34,76354222,406.02,-4.39,115299789.2
29/10/2020,136.6533333,139.3533333,135.4866667,136.9433333,67965931,410.83,1.18,111086868.6
30/10/2020,135.6318,135.8638333,126.37,129.3466667,127762919,388.04,-5.55,106760510.2
02/11/2020,131.3333333,135.6599667,130.7666667,133.5033333,87063354,400.51,3.21,104405259.1
03/11/2020,136.5766667,142.59,135.5633333,141.3,103055154,423.9,5.84,102186078.3
04/11/2020,143.54,145.1333333,139.0333333,140.3266667,96429180,420.98,-0.69,100538380.9
05/11/2020,142.7666667,146.6666667,141.3333667,146.03,85243558,438.09,4.06,98737390.8
06/11/2020,145.3666667,145.5233333,141.4266667,143.3166667,65118028,429.95,-1.86,97654443.35
09/11/2020,146.5,150.8333333,140.3333333,140.42,104499090,421.26,-2.02,97060728.65
10/11/2020,140.03,140.03,132.0100333,136.7866667,90852660,410.36,-2.59,96433811
11/11/2020,138.8166667,139.565,136.86,139.0433333,52073161,417.13,1.65,91830660.6
12/11/2020,138.35,141,136.5066667,137.2533333,59821498,411.76,-1.29,89470882.85
13/11/2020,136.95,137.5106333,133.8866667,136.1666667,59491048,408.5,-0.79,87529053.55
16/11/2020,136.31,137.4833333,134.6956,136.03,80515921,408.09,-0.1,86111673.75
17/11/2020,153.39,154,144.3366667,147.2033333,183564838,441.61,8.21,90541472.75
18/11/2020,149.45,165.3333333,147.8333667,162.2133333,234132041,486.64,10.2,97392505.8
19/11/2020,164,169.5370667,162.5233333,166.4233333,187426051,499.27,2.6,100764829.9
20/11/2020,165.9966667,167.5,163.02,163.2033333,98735763,489.61,-1.93,100644071.2
23/11/2020,167.8333333,175.3333333,167.2633333,173.95,150780899,521.85,6.58,103947242.2
24/11/2020,180.1333333,186.6633333,175.4,185.1266667,160945459,555.38,6.43,108591538.8
25/11/2020,183.3533333,191.3333333,181.79,191.3333333,146790476,574,3.35,112113351.5
27/11/2020,193.72,199.5933333,192.8166667,195.2533333,112683231,585.76,2.05,114349216.5
30/11/2020,200.7366667,202.6,184.8366667,189.2,189009136,567.6,-3.1,117411527.3
01/12/2020,199.1966667,199.2833333,190.6833333,194.92,121148492,584.76,3.02,119115784.2
02/12/2020,185.48,190.5133333,180.4033333,189.6066667,143326940,568.82,-2.73,121129373.5
03/12/2020,196.6733333,199.6566667,194.1433333,197.7933333,127655996,593.38,4.32,122690714.3
04/12/2020,197.0033333,199.68,195.1666667,199.68,88203930,599.04,0.95,122838732.9
07/12/2020,201.6399,216.2618667,201.0166667,213.92,168929128,641.76,7.13,128029287.9
08/12/2020,208.5016667,217.0933333,206.1666667,216.6266667,192795087,649.88,1.27,132444087.8
09/12/2020,217.8966667,218.1066667,196,201.4933333,213873579,604.48,-6.99,138595133.7
10/12/2020,191.4566667,209.25,188.78,209.0233333,201249438,627.07,3.74,146053947.6
11/12/2020,205.0033333,208,198.9333333,203.33,139424903,609.99,-2.72,150034117.8
14/12/2020,206.3333333,214.2499667,203.4000333,213.2766667,156121939,639.83,4.89,154865662.4
15/12/2020,214.4266667,215.6333333,207.9333333,211.0833333,135670673,633.25,-1.03,157623400
16/12/2020,209.41,210.8333333,201.6666667,207.59,126287423,622.77,-1.65,154759529.2
17/12/2020,209.3966667,219.6066667,206.5,218.6333333,168810418,655.9,5.32,151493448.1
18/12/2020,222.9666667,231.6666667,209.5133333,231.6666667,666378590,695,5.96,175441075
21/12/2020,222.08,222.8333333,215.3566667,216.62,174135781,649.86,-6.49,179211075.9
22/12/2020,216,216.6266667,204.7433333,213.4466667,155584918,640.34,-1.46,179451276.9
23/12/2020,210.7333333,217.1666333,207.5233667,215.3266667,99518904,645.98,0.88,176379949.1
24/12/2020,214.33,222.03,213.6666667,220.59,68596702,661.77,2.44,172470260.4
28/12/2020,224.8366667,227.1333333,220.2666667,221.23,96835680,663.69,0.29,171677882.9
29/12/2020,220.3333333,223.3,218.3333333,221.9966667,68732425,665.99,0.35,165664047.3
30/12/2020,224,232.2,222.7867667,231.5933333,128538056,694.78,4.32,166033525.5
31/12/2020,233.33,239.5733333,230.3733333,235.2233333,148949786,705.67,1.57,166314667.8
04/01/2021,239.82,248.1633,239.0631667,243.2566667,145914569,729.77,3.42,167227596.5
05/01/2021,241.22,246.9466667,239.7333333,245.0366667,96735501,735.11,0.73,167654175
06/01/2021,252.83,258,249.7,251.9933333,134099903,755.98,2.84,165912713.8
07/01/2021,259.2100333,272.3300333,258.4000333,272.0133333,154496855,816.04,7.94,163997802.2
08/01/2021,285.3333333,294.8300333,279.4633333,293.3400333,225166586,880.0201,7.84,164562452.5
11/01/2021,283.1333667,284.81,267.8741,270.3966667,178662451,811.19,-7.82,163433103.2
12/01/2021,277,289.3333333,275.7800333,283.1466667,138812153,849.44,4.72,163402465.7
13/01/2021,284.2533667,286.8233333,277.3333333,284.8033333,99937497,854.41,0.59,160593243.6
14/01/2021,281.13,287.6667,279.5833333,281.6667,93798981,845.0001,-1.1,158499659
15/01/2021,284,286.6333667,273.0333333,275.3866667,116332803,826.16,-2.23,158001928
19/01/2021,279.2666667,283.3333333,277.6667,281.5166667,76100938,844.55,2.23,153366454
20/01/2021,286.2466667,286.5,279.0933333,283.4833333,76997641,850.45,0.7,123897406.5
21/01/2021,285,285.24,280.4734,281.6633333,61794391,844.99,-0.64,118280337
22/01/2021,278.1033333,282.6667,276.2066667,282.2133333,60199498,846.64,0.2,113511066
25/01/2021,285,300.1333667,279.6067,293.6,123520190,880.8,4.03,114711130.3
26/01/2021,297.1266667,298.6333667,290.5333333,294.3633333,69394798,883.09,0.26,114751035.1
27/01/2021,290.1166667,297.1667,286.22,288.0533333,82001881,864.16,-2.14,114009345.2
28/01/2021,273.3333333,282.6667,267,278.4767,79134145,835.4301,-3.32,114529431.2
29/01/2021,276.6667,280.8033333,260.0333333,264.51,104972259,793.53,-5.02,113351141.3
01/02/2021,271.43,280.6667,265.1867,279.9366667,76174171,839.81,5.83,109712360.6
02/02/2021,281.56,293.5,280.7335333,290.93,73038619,872.79,3.93,106068563.1
03/02/2021,292.3400333,292.6933667,284.3548667,284.8966667,55030528,854.69,-2.07,103983314.4
04/02/2021,285,285.5,277.8066667,283.3300333,47437979,849.9901,-0.55,99650218.2
05/02/2021,281.6667,288.2566667,279.6566667,284.0766667,55699921,852.23,0.26,94710371.5
08/02/2021,289.89,292.5900333,284.9167,287.8066667,60485161,863.42,1.31,86476300.25
09/02/2021,285.04,286.6,280.5833333,283.1533333,45472949,849.46,-1.62,79816825.15
10/02/2021,281.2116667,281.6067,266.6733333,268.2733333,108648267,804.82,-5.26,78308630.85
11/02/2021,270.8133667,276.6266333,267.2416667,270.5533333,64868248,811.66,0.85,76555168.4
12/02/2021,267.0866667,272.4433667,261.7768667,272.04,71304931,816.12,0.55,75430465.9
16/02/2021,272.6667,273.6667,264.1466667,265.4066667,59406958,796.22,-2.44,72584173.65
17/02/2021,259.6966667,266.6133333,254.0033333,266.05,78236698,798.15,0.24,72690961.65
18/02/2021,260.3,264.8966667,258.7566667,262.4600333,53871181,787.3801,-1.35,71534638.65
19/02/2021,265,265.5966333,259.1233667,260.4333333,56874778,781.3,-0.77,71288658
22/02/2021,254.2133333,256.1667,236.7333333,238.1666667,111809154,714.5,-8.55,73869140.8
23/02/2021,220.71,237.8699667,206.3333333,232.9466667,199820643,698.84,-2.19,77684163.45
24/02/2021,237.2833333,248.3333333,231.39,247.34,110300856,742.02,6.18,79729466.35
25/02/2021,242.05,245.7355333,223.5266667,227.4066667,117071574,682.22,-8.06,81482951
26/02/2021,233.3333333,235.5666667,219.8366667,225.1666667,123267500,675.5,-0.99,83689618.75
01/03/2021,230.0366667,290.6667,228.35,239.4766667,81408718,718.43,6.36,82511441.7
02/03/2021,239.4266667,240.37,228.3333333,228.8133333,71196478,686.44,-4.45,82262557.05
03/03/2021,229.33,233.5666667,217.235,217.7333333,90623880,653.2,-4.84,83141820.1
04/03/2021,218.6,291.3133667,200,207.1466667,197758587,621.44,-4.86,90278223.05
05/03/2021,208.6866667,209.2806333,179.83,199.3166667,268189375,597.95,-3.78,101315792.9
08/03/2021,200.1833333,206.7083333,186.2633333,187.6666667,155360878,563,-5.84,106298840.7
09/03/2021,202.7266667,226.03,198.4033333,224.5266667,202569978,673.58,19.64,113403081.6
10/03/2021,233.4333333,239.2833333,218.3533333,222.6866667,181817011,668.06,-0.82,120220284.7
11/03/2021,233.1333333,234.1666667,225.7266667,233.2,108761658,699.6,4.72,120225954.2
12/03/2021,223.3333333,231.6266667,222.0464667,231.2433333,100751517,693.73,-0.84,122020117.7
15/03/2021,231.3633333,237.7266667,228.0133333,235.98,88270437,707.94,2.05,122868393
16/03/2021,234.45,235.9733333,223.6666667,225.6266667,96587007,676.88,-4.39,124727395.4
17/03/2021,218.9566667,234.5766667,217.0033333,233.9366667,121117343,701.81,3.68,126871427.7
18/03/2021,228.0966667,229.7433333,217.3333333,217.72,100107057,653.16,-6.93,129183221.5
19/03/2021,215.5333333,219.0766667,208.2067,218.29,128681936,654.87,0.26,132773579.4
22/03/2021,228.1966667,233.2066667,222.9166667,223.3333333,118536654,670,2.31,133109954.4
23/03/2021,225.2566667,225.9333333,219.17,220.72,91475604,662.16,-1.17,127692702.4
24/03/2021,222.6366667,222.6733333,210.0366667,210.09,101385501,630.27,-4.82,127246934.7
25/03/2021,204.3333333,215.1666667,203.1666667,213.4633333,117674541,640.39,1.61,127277083
26/03/2021,213.9566667,214.6066667,199.9633333,206.2366667,101558493,618.71,-3.39,126191632.7
29/03/2021,205.2133333,205.4933333,198.6733333,203.7633333,85910968,611.29,-1.2,126416745.2
30/03/2021,200.5833333,212.5533333,197.0033333,211.8733333,118297074,635.62,3.98,128771775
31/03/2021,215.54,224,213.7033333,222.6433333,100011864,667.93,5.08,129241174.2
01/04/2021,229.4566667,230.8067667,219.8066667,220.5833333,105895134,661.75,-0.93,124648001.5
05/04/2021,235.9033333,236.0533333,228.2333333,230.35,125528306,691.05,4.43,117514948.1
06/04/2021,230.1,232.1833333,227.1233333,230.54,84815518,691.62,0.08,113987680.1
07/04/2021,229,230.46,222.6133333,223.6566667,78928288,670.97,-2.99,107805595.6
08/04/2021,225.7933333,229.8499667,223.8816667,227.9333333,71772982,683.8,1.91,102303394.1
09/04/2021,225.9233333,226.99,223.1433333,225.6733333,64311268,677.02,-0.99,100080874.6
12/04/2021,228.5666667,234.9333333,227.3633333,233.9933333,87407007,701.98,3.69,99413649.1
13/04/2021,237.5666667,254.3333333,236.8866667,254.1066667,133958423,762.32,8.6,101698048.4
14/04/2021,256.9000333,260.2633333,242.6766667,244.0766667,147052298,732.23,-3.95,104221313
15/04/2021,247.7,247.8966667,240.4366667,246.2833333,83546698,738.85,0.9,102342780.7
16/04/2021,242.8833333,249.8033333,241.5333333,246.5933333,83938579,739.78,0.13,101534356.8
19/04/2021,239.8666667,241.8,230.6000333,238.21,119058687,714.63,-3.4,101053194.4
20/04/2021,239.14,245.75,236.895,239.6633333,106827114,718.99,0.61,100467717.4
21/04/2021,234.9233333,248.28,232.6666667,248.04,93646527,744.12,3.5,100576263.5
22/04/2021,247.1666667,251.2566667,239.3466667,239.8966667,106770783,719.69,-3.28,100845527.6
23/04/2021,239.9333333,245.7866667,238.4866667,243.1333333,85241665,729.4,1.35,99223883.8
26/04/2021,247,249.7666667,244.2017667,246.0666667,93115497,738.2,1.21,98801734
27/04/2021,239.32,241.3333333,234.4500333,234.9133333,88310997,704.74,-4.53,98921735.45
28/04/2021,232.1366667,236.1666667,231.2,231.4666667,66813151,694.4,-1.47,96347539.3
29/04/2021,233.17,234.0833333,222.8334,225.6666667,86536338,677,-2.51,95673763
30/04/2021,222.53,238.49,222.0466667,236.48,122276153,709.44,4.79,96492813.95
03/05/2021,234.6,235.3333333,226.8333333,228.3,81129421,684.9,-3.46,94272869.7
04/05/2021,226.3133333,227.8154667,219.2336667,224.5333333,89217957,673.6,-1.65,94492991.65
05/05/2021,227.02,228.4318333,222.4466667,223.6466667,65705671,670.94,-0.39,93831860.8
06/05/2021,226.92,227.0066667,216.6666667,221.18,83353855,663.54,-1.1,94410904.45
07/05/2021,221.9333333,230,220.0733333,224.1233333,70407502,672.37,1.33,94715716.15
10/05/2021,221.6333333,221.6833333,209.2033667,209.68,94177257,629.04,-6.44,95054228.65
11/05/2021,199.7466667,209.0333,198.5333333,205.7333333,139511690,617.2,-1.88,95331892
12/05/2021,200.83,206.8033333,195.5883333,196.63,101470941,589.89,-4.42,93052824.15
13/05/2021,200.515,202.1533,186.55,190.5633333,132554762,571.69,-3.09,95503227.35
14/05/2021,194.47,197.6233333,190.1533333,196.58,100112574,589.74,3.16,96311927.1
17/05/2021,191.851,196.5766667,187.0666667,192.2766667,96743400,576.83,-2.19,95196162.75
18/05/2021,189.3333333,198.75,187.7933333,192.6233333,110491695,577.87,0.18,95379391.8
19/05/2021,184.1833333,188.7366667,182.3266667,187.82,118735191,563.46,-2.49,96633825
20/05/2021,191.6666667,196.2833333,190.3566667,195.5933333,92463354,586.78,4.14,95918453.55
21/05/2021,198.7033333,198.8933333,193.3333333,193.6266667,78091798,580.88,-1.01,95560960.2
24/05/2021,193.8666667,204.8266667,191.2166667,202.1466667,103674267,606.44,4.4,96088898.7
25/05/2021,202.4366667,204.6633333,198.57,201.5633333,84017782,604.69,-0.29,95874237.95
26/05/2021,202.52,208.7233333,200.5,206.3766667,85917931,619.13,2.39,96829476.95
27/05/2021,206.7466667,210.3766667,205.4033333,210.2833333,79111768,630.85,1.89,96458248.45
28/05/2021,209.5,211.8633333,207.46,208.4066667,68211115,625.22,-0.89,93754996.55
01/06/2021,209.2666667,211.2666667,206.85,207.9666667,54254671,623.9,-0.21,92411259.05
02/06/2021,206.71,207.7866667,199.7133333,201.7066667,69908335,605.12,-3.01,91445777.95
03/06/2021,200.6,201.5166667,190.4066667,190.9466667,90335664,572.84,-5.33,92677277.6
04/06/2021,193.2366667,200.2033333,192.4,199.6833333,72110698,599.05,4.58,92115119.75
07/06/2021,197.275,203.3333333,194.2933333,201.71,67631038,605.13,1.01,91976296.55
08/06/2021,207.67,207.6966667,198.5,201.1966667,78160222,603.59,-0.25,91175444.8
09/06/2021,200.7233333,203.93,199.2100333,199.5933333,49753709,598.78,-0.8,86687545.75
10/06/2021,201.2933333,205.53,200.1666667,203.3733333,71758819,610.12,1.89,85201939.65
11/06/2021,203.41,204.1866667,200.5066667,203.2966667,48615899,609.89,-0.04,81004996.5
14/06/2021,204.0766667,208.4966667,203.06,205.8966667,61271938,617.69,1.28,79062964.7
15/06/2021,205.5633333,205.5966667,199.41,199.7866667,53292448,599.36,-2.97,76890417.1
16/06/2021,199.1783333,202.8333333,197.8333333,201.6233333,66432391,604.87,0.92,74687451.9
17/06/2021,200.6293333,207.1566667,200.4466667,205.5333333,68104048,616.6,1.94,72155894.75
18/06/2021,204.4566667,209.45,203.9333333,207.77,73682728,623.31,1.09,71216863.45
21/06/2021,208.16,210.4633333,202.96,206.9433333,74438218,620.83,-0.4,71034184.45
22/06/2021,206.0833333,209.5231,205.1666667,207.9033333,57476671,623.71,0.46,68724304.65
23/06/2021,210.6666667,219.068,210.0133333,218.8566667,93297687,656.57,5.27,69188299.9
24/06/2021,224.9966667,232.54,222.5366667,226.6066667,137947169,679.82,3.54,71789761.8
25/06/2021,229.86,231.27,222.9,223.9566667,97490130,671.87,-1.17,72708679.9
28/06/2021,223.88,231.5666333,223.44,229.5733333,64884478,688.72,2.51,72542348.05
29/06/2021,228.2166667,229.1699667,225.2966667,226.92,52143931,680.76,-1.16,72436811.05
30/06/2021,226.59,230.9366667,226.0466667,226.5666667,56774575,679.7,-0.16,71780123.05
01/07/2021,227.9733333,229.33,224.2666667,225.9733333,55903558,677.92,-0.26,70058517.75
02/07/2021,226.3266667,233.3333333,224.42,226.3,81292099,678.9,0.14,70517587.8
06/07/2021,227.2371667,228,217.1334,219.86,69853339,659.58,-2.85,70628702.85
07/07/2021,221.4233333,221.9,212.7733333,214.8833333,56375881,644.65,-2.26,69539485.8
08/07/2021,209.4566667,218.1433333,206.82,217.6033333,68319958,652.81,1.27,70467798.25
09/07/2021,217.7283333,219.6366667,214.8966667,218.9833333,54421651,656.95,0.63,69600939.85
12/07/2021,220.7333333,229.08,220.7203333,228.5666667,77781115,685.7,4.38,71059200.65
13/07/2021,228.7733333,231.0933333,222.0986,222.8466667,62898268,668.54,-2.5,71140517.15
14/07/2021,223.5833333,226.2033,217.6133333,217.7933333,64923565,653.38,-2.27,71722073
15/07/2021,219.4633333,222.0466667,212.6266667,216.8666667,60628708,650.6,-0.43,71431888.85
16/07/2021,218.2266667,218.8999667,214.0666667,214.74,49112909,644.22,-0.98,70482331.9
19/07/2021,209.9633333,215.7333,207.0966667,215.4066667,63891268,646.22,0.31,69992758.9
20/07/2021,217.33,220.7972,213.5003333,220.1666667,46461389,660.5,2.21,68593917.45
21/07/2021,219.87,221.6199667,216.7633667,218.43,41860019,655.29,-0.79,67813084.85
22/07/2021,218.8142667,220.7233333,214.8667,216.42,45317189,649.26,-0.92,65414059.95
23/07/2021,215.4533333,216.2666667,212.4333667,214.46,43814819,643.38,-0.91,60707442.45
26/07/2021,216.99,222.7333,215.7033333,219.2066667,76009681,657.62,2.21,59633420
27/07/2021,221.1333333,222.1666667,209.08,214.9266667,98439864,644.78,-1.95,61311189.3
28/07/2021,215.665,218.3233,213.1333667,215.66,48019799,646.98,0.34,61104982.7
29/07/2021,216.5966667,227.8966667,216.2666667,225.7833333,91183920,677.35,4.69,62825449.95
30/07/2021,223.9193333,232.51,223,229.0666667,88969221,687.2,1.45,64478733.1
02/08/2021,233.3333333,242.3133333,232.8,236.5566667,100847307,709.67,3.27,65456493.5
03/08/2021,239.6666667,240.8833333,233.67,236.58,64860748,709.74,0.01,65206863.95
04/08/2021,237,241.6333333,236.31,236.9733333,51007949,710.92,0.17,64938467.35
05/08/2021,238.6666667,240.3166333,237.1366667,238.21,38758919,714.63,0.52,63460415.4
06/08/2021,237.3,238.7766667,232.5433333,233.0333333,46869149,699.1,-2.17,63082790.3
09/08/2021,236.7233333,239.6766667,235.0433333,237.92,44146049,713.76,2.1,61401037
10/08/2021,237.9966667,238.8633333,233.96,236.6633333,40296929,709.99,-0.53,60270970.05
11/08/2021,237.57,238.3933333,234.7366667,235.94,29401673,707.82,-0.31,58494875.45
12/08/2021,235.4466667,240.9333333,233.1333333,240.75,53045065,722.25,2.04,58115693.3
13/08/2021,241.2366667,243.3,238.1133333,239.0566667,50194412,717.17,-0.7,58169768.45
16/08/2021,235.0233333,236.5,225.4666667,228.7233333,69309901,686.17,-4.32,58440700.1
17/08/2021,224.22,224.86,216.28,221.9033333,71163835,665.71,-2.98,59675822.4
18/08/2021,223.2493333,231.9233333,223.1166667,229.6633333,61048141,688.99,3.5,60635228.5
19/08/2021,226.07,228.85,222.53,224.49,42940469,673.47,-2.25,60516392.5
20/08/2021,227.6166667,230.7099667,224.5666667,226.7533333,44525609,680.26,1.01,60551932
23/08/2021,228.4806667,237.3766333,226.9168333,235.4333333,60794575,706.3,3.83,59791176.7
24/08/2021,236.8933333,238.4066667,234.2133333,236.1633333,39249209,708.49,0.31,56831643.95
25/08/2021,235.6766667,238.99,234.6666667,237.0666667,37936679,711.2,0.38,56327487.95
26/08/2021,236.1033333,238.4666667,232.5400333,233.72,39642869,701.16,-1.41,53750435.4
27/08/2021,235,238.3333333,234.0333667,237.3066667,41501279,711.92,1.53,51377038.3
30/08/2021,238.2383333,243.6666667,237.5766667,243.6366667,55812661,730.91,2.67,49125306
31/08/2021,244.3333333,246.7966667,242.1466667,245.24,62566315,735.72,0.66,49010584.35
01/09/2021,244.6933333,247.33,243.7567,244.6966667,39613019,734.09,-0.22,48440837.85
02/09/2021,244.8333333,246.99,243.5133333,244.13,38390219,732.39,-0.23,48422402.85
03/09/2021,244.083,244.6666667,241.4,244.5233333,45813149,733.57,0.16,48369602.85
07/09/2021,246.6666667,253.4,246.42,250.9733333,60119488,752.92,2.64,49168274.8
08/09/2021,253.86,254.8166667,246.9244333,251.29,56379115,753.87,0.13,49972384.1
09/09/2021,251.1366667,254.0333333,250.5433667,251.62,42233189,754.86,0.13,50613959.9
10/09/2021,253.2,254.2033333,244.8400333,245.4233333,45552509,736.27,-2.46,50239332.1
13/09/2021,246.738,248.26,236.2833333,247.6666667,68857438,743,0.91,51172483.4
14/09/2021,247.5233333,251.49,245.4666667,248.1633333,55574641,744.49,0.2,50485720.4
15/09/2021,248.3333333,252.2866667,246.12,251.9433333,46073069,755.83,1.52,49231182.1
16/09/2021,250.9433333,252.97,249.2033333,252.33,41770169,756.99,0.15,48267283.5
17/09/2021,252.3833333,253.68,250,253.1633333,84612538,759.49,0.33,50350886.95
20/09/2021,244.8525667,247.3333333,239.5416333,243.39,74272942,730.17,-3.86,51838253.6
21/09/2021,244.93,248.2466333,243.48,246.46,48992159,739.38,1.26,51248132.8
22/09/2021,247.8421,251.2233,246.3733333,250.6466667,45378809,751.94,1.7,51554612.8
23/09/2021,251.6666667,252.7333333,249.3066667,251.2133333,35842589,753.64,0.23,51449908.3
24/09/2021,248.63,258.2666667,248.1866667,258.13,64119058,774.39,2.75,52673717.75
27/09/2021,257.7066667,266.3333333,256.4366667,263.7866667,84211978,791.36,2.19,54809252.7
28/09/2021,262.4000333,265.2133333,255.3933667,259.1866667,76144258,777.56,-1.74,55825832.55
29/09/2021,259.9333333,264.5,256.8933333,260.4366667,62828641,781.31,0.48,55838948.85
30/09/2021,260.3333333,263.0435333,258.3333333,258.4933333,53867881,775.48,-0.75,56551691.95
01/10/2021,259.4666667,260.26,254.53,258.4066667,51094229,775.22,-0.03,57186892.45
04/10/2021,265.5,268.99,258.7066667,260.51,91450017,781.53,0.81,59468735.85
05/10/2021,261.5987,265.7700333,258.0666667,260.1966667,55297891,780.59,-0.12,59227656
06/10/2021,258.7333333,262.22,257.74,260.9167,43898309,782.7501,0.28,58603615.7
07/10/2021,261.82,268.3333333,261.1266667,264.5366667,57587335,793.61,1.39,59371323
08/10/2021,265.4033333,265.4600333,260.3033333,261.8300333,50215799,785.4901,-1.02,59604487.5
11/10/2021,262.55,267.0800333,261.8333333,263.98,42600959,791.94,0.82,58291663.55
12/10/2021,266.9767,270.7733333,265.5233333,268.5733333,66060115,805.72,1.74,58815937.25
13/10/2021,270.1566667,271.8033333,268.5933333,270.36,42360239,811.08,0.67,58630295.75
14/10/2021,271.8300333,273.4167,271.1167,272.7733333,36741509,818.32,0.89,58378862.75
15/10/2021,274.5793333,281.07,274.1166667,281.01,56773708,843.03,3.02,56986921.25
18/10/2021,283.93,291.7533667,283.8233333,290.0366667,72621718,870.11,3.21,56904360.05
19/10/2021,292.51,292.6500333,287.5033667,288.0900333,52143391,864.2701,-0.67,57061921.65
20/10/2021,288.45,289.8300333,285.7933333,288.6,42096149,865.8,0.18,56897788.65
21/10/2021,285.3333333,300,285.1682,298,94444338,894,3.26,59827876.1
22/10/2021,298.5,303.3333333,296.9867,303.2267,68642518,909.6801,1.75,60054049.1
25/10/2021,316.8433333,348.34,314.7333333,341.62,188556289,1024.86,12.66,65271264.65
26/10/2021,341.5633333,364.98,333.8133333,339.4766667,187244902,1018.43,-0.63,70826296.85
27/10/2021,346.5533333,356.96,343.5933333,345.9533333,115579380,1037.86,1.91,73463833.8
28/10/2021,356.1016667,360.3333333,351.4,359.0133333,81639502,1077.04,3.78,74852414.85
29/10/2021,360.62,371.7366667,357.735,371.3333333,89755257,1114,3.43,76785466.25
01/11/2021,381.6666667,403.25,372.8866667,402.8633333,168146152,1208.59,8.49,80620273
02/11/2021,386.4516667,402.8633333,382,390.6666667,128213399,1172,-3.03,84266048.4
03/11/2021,392.4433333,405.13,384.2066667,404.62,103885557,1213.86,3.57,87265410.8
04/11/2021,411.47,414.4966667,405.6666667,409.97,76192222,1229.91,1.32,88195655.15
05/11/2021,409.3333333,413.29,402.6666667,407.3633333,64886431,1222.09,-0.64,88929186.75
08/11/2021,383.2616667,399,377.6666667,387.6466667,100337154,1162.94,-4.84,91815996.5
09/11/2021,391.2,391.5,337.1733333,341.1666667,177317515,1023.5,-11.99,97378866.5
10/11/2021,336.8033333,359.3666667,329.1033333,355.9833333,128408153,1067.95,4.34,101681262.2
11/11/2021,367.59,368.3233333,351.56,354.5033333,67189702,1063.51,-0.42,103203671.9
12/11/2021,349.1666667,351.5,339.7333333,344.4733333,76719448,1033.42,-2.83,104200958.9
15/11/2021,339.21,343.9933333,326.2,337.7966667,104326941,1013.39,-1.94,105786220
16/11/2021,334.4366667,352.4,334.06,351.5766667,79627075,1054.73,4.08,107160404.2
17/11/2021,354.5033333,373.2133333,351.8333333,363.0033333,94336098,1089.01,3.25,109772401.7
18/11/2021,368.85,370.6666667,358.34,365.46,62696788,1096.38,0.68,108185024.2
19/11/2021,366.29,379.5733333,364.2333333,379.02,64926778,1137.06,3.71,107999237.2
22/11/2021,387.4433333,400.65,377.4766667,385.6233333,99217533,1156.87,1.74,103532299.4
23/11/2021,389.17,393.5,354.2333333,369.6766667,108515094,1109.03,-4.14,99595808.95
24/11/2021,360.13,377.59,354,372,67680718,1116,0.63,97200875.85
26/11/2021,366.49,369.5943333,360.3333333,360.64,35042669,1081.92,-3.05,94871034.2
29/11/2021,366.9966667,380.89,366.73,378.9966667,58393411,1136.99,5.09,93302941.9
30/11/2021,381.4566667,389.3333333,372.6666667,381.5866667,81276115,1144.76,0.68,88959440.05
01/12/2021,386.8983333,390.9466667,363.5866667,365,68804095,1095,-4.35,85988974.85
02/12/2021,366.3533333,371,352.2166667,361.5333333,73114855,1084.6,-0.95,84450439.75
03/12/2021,361.5966667,363.525,333.4033333,338.3233333,92321997,1014.97,-6.42,85256928.5
06/12/2021,333.8366667,340.5466667,316.8333333,336.3366667,81663115,1009.01,-0.59,86095762.7
07/12/2021,348.0666667,352.558,342.27,350.5833333,56084575,1051.75,4.24,83883133.75
08/12/2021,350.9033333,357.46,344.3333333,356.32,41906369,1068.96,1.64,77112576.45
09/12/2021,353.5466667,354.1633333,334.12,334.6,59438488,1003.8,-6.1,73664093.2
10/12/2021,336.25,340.3266667,327.51,339.01,59664355,1017.03,1.32,73287825.85
13/12/2021,333.6966667,335,317.14,322.1366667,78595498,966.41,-4.98,73381628.35
14/12/2021,315,322.1366667,310,319.5033667,70806262,958.5101,-0.82,71705594.4
15/12/2021,317.7367,326.2499667,309.4167,325.3300333,75169222,975.9901,1.82,71482701.75
16/12/2021,331.5,331.66,307.2833333,308.9733333,82771438,926.92,-5.03,70904468.75
17/12/2021,304.9233333,320.2199667,303.0133667,310.8567,100880259,932.5701,0.61,72813642.3
20/12/2021,303.5666667,307.2295,297.7967,299.98,56480008,899.94,-3.5,72391303.8
21/12/2021,305.6233667,313.1667,295.3733667,312.8433333,71517931,938.53,4.29,71006323.7
22/12/2021,321.8866667,338.5533333,319.0166667,336.29,93634074,1008.87,7.49,70262272.7
23/12/2021,335.6,357.659,332.5200333,355.6666667,92713287,1067,5.76,71513901.15
27/12/2021,357.89,372.3333333,356.905,364.6466667,71145808,1093.94,2.52,73319058.1
28/12/2021,369.83,373,359.4733333,362.8233333,60323911,1088.47,-0.5,73415583.1
29/12/2021,366.2133333,368,354.7133333,362.0633333,56154058,1086.19,-0.21,72159480.25
30/12/2021,353.7766667,365.1833333,351.05,356.78,47040929,1070.34,-1.46,71071321.95
31/12/2021,357.8146667,360.6666667,351.53,352.26,40733639,1056.78,-1.27,69452261.15
03/01/2022,382.5833333,400.3566667,378.68,399.9266667,104686053,1199.78,13.53,70070463.95
04/01/2022,396.5166667,402.6666667,374.35,383.1966667,100248267,1149.59,-4.18,70999721.55
05/01/2022,382.2166667,390.1133333,360.3366667,362.7066667,80119798,1088.12,-5.35,72201482.7
06/01/2022,359,362.6666667,340.1666667,354.9,90336477,1064.7,-2.15,74622988.1
07/01/2022,360.1233333,360.31,336.6666667,342.32,84164758,1026.96,-3.54,75859301.6
10/01/2022,333.3333333,353.0333333,326.6667,352.7066667,91814880,1058.12,3.03,77466827.85
11/01/2022,351.2233333,358.6166667,346.2733333,354.8,66063208,1064.4,0.59,76840213.35
12/01/2022,359.6166667,371.6133333,357.53,368.74,83739022,1106.22,3.93,77486851.35
13/01/2022,369.6883333,371.8666667,342.1796667,343.8533333,97209777,1031.56,-6.75,78588879.1
14/01/2022,339.96,350.6666667,337.793,349.87,72924421,1049.61,1.75,78096528.25
18/01/2022,342.2016667,356.93,338.6866667,343.5033333,66989401,1030.51,-1.82,76401985.35
19/01/2022,347.235,351.5566667,331.6667,331.8833667,75442498,995.6501,-3.38,77350109.85
20/01/2022,336.5766667,347.22,331.3333333,332.0900333,70488742,996.2701,0.06,77298650.4
21/01/2022,332.1133333,334.85,313.5,314.6333667,103416021,943.9001,-5.26,77787747.75
24/01/2022,301.5866667,311.1710333,283.8233333,310,152375129,930,-1.47,80770839.85
25/01/2022,304.7333333,317.0866667,301.07,306.1333667,86595900,918.4001,-1.25,81543344.45
26/01/2022,317.4767,329.23,302,312.47,104867283,937.41,2.07,83770513.05
27/01/2022,311.12,311.7967,276.3333333,276.3666667,147109556,829.1,-11.55,88318287.95
28/01/2022,277.1866667,285.8333333,264.0033667,282.1166667,134788940,846.35,2.08,92705688.5
31/01/2022,290.9033333,312.6633333,287.35,312.24,104436090,936.72,10.68,95890811.05
01/02/2022,311.7367,314.5666667,301.6667,310.4167,73138339,931.2501,-0.58,94313425.35
02/02/2022,309.3933333,310.5,296.47,301.8866667,66793048,905.66,-2.75,92640664.4
03/02/2022,294,312.3333333,293.5066667,297.0467,78855565,891.1401,-1.6,92577452.75
04/02/2022,299.0733333,312.1667,293.7233333,307.7733333,73625458,923.32,3.61,91741901.8
07/02/2022,307.93,315.9233333,300.9029667,302.4466667,60994468,907.34,-1.73,90583387.3
08/02/2022,301.8433333,308.7633,298.2666667,307.3333333,50729009,922,1.62,88529093.75
09/02/2022,311.6667,315.4233,306.6667,310.6667,52259548,932.0001,1.08,87838910.75
10/02/2022,302.79,314.6033333,298.9000333,301.5166667,66126835,904.55,-2.95,86958301.4
11/02/2022,303.2100333,305.32,283.5666667,286.6667,79645855,860.0001,-4.93,86080105.3
14/02/2022,287.19,299.6266333,284.3833667,291.92,67756411,875.76,1.83,85821704.8
15/02/2022,300,307.6667,297.7924667,307.4767,57649528,922.4301,5.33,85354711.15
16/02/2022,304.6833333,308.8099667,300.4033333,307.7967,51294392,923.3901,0.1,84147305.85
17/02/2022,304.42,306.1666333,291.3666667,292.1166667,55178431,876.35,-5.09,83381790.3
18/02/2022,295.3333333,295.6233667,279.2033333,285.66,68501845,856.98,-2.21,81636081.5
22/02/2022,278.0433333,285.5779333,267.0334,273.8433333,83288185,821.53,-4.14,78181734.3
23/02/2022,276.81,278.4332333,253.52,254.68,95257017,764.04,-7,78614790.15
24/02/2022,233.4633333,267.4933333,233.3333333,266.9233333,135322298,800.77,4.81,80137540.9
25/02/2022,269.7433333,273.1667,260.8001667,269.9566667,76067758,809.87,1.14,76585451
28/02/2022,271.67,292.2866667,271.5691667,290.1433333,99006864,870.43,7.48,74796347.2
01/03/2022,289.8933333,296.6266667,284.5933333,288.1233667,74766859,864.3701,-0.7,73312885.65
02/03/2022,290.7100333,295.4933333,281.4240333,293.2967,74643448,879.8901,1.8,73388141.1
03/03/2022,292.9233333,295.4796667,277.5334,279.7633333,61623508,839.29,-4.61,73129664.1
04/03/2022,283.0333333,285.2166667,275.0536333,279.43,67179859,838.29,-0.12,72545878.8
07/03/2022,285.4333333,288.7133333,268.19,268.1933667,72494161,804.5801,-4.02,72489313.95
08/03/2022,265.1767,283.3300333,260.7233333,274.8,80399095,824.4,2.46,73459545.3
09/03/2022,279.8266667,286.8533333,277.3366667,286.3233333,59183968,858.97,4.19,73882293.25
10/03/2022,283.8166667,284.8166667,270.1200667,279.4333333,58648651,838.3,-2.41,74201748.4
11/03/2022,280.0656667,281.2673333,264.5900333,265.1166667,67037161,795.35,-5.12,74247264.7
14/03/2022,260.2033333,266.9000333,252.0133333,255.4566667,71152258,766.37,-3.64,73822584.85
15/03/2022,258.4233333,268.5233333,252.19,267.2967,66841141,801.8901,4.63,73776821.35
16/03/2022,269.6667,280.6667,267.4200333,280.0766667,84028819,840.23,4.78,75095785.9
17/03/2022,276.9966667,291.6667,275.2392667,290.5333333,66582958,871.6,3.73,75860214.2
18/03/2022,291.4966667,302.6166667,289.13,301.7967,100414191,905.3901,3.88,78122002.2
21/03/2022,304.9933333,314.2833333,302.3633333,307.0533333,81981661,921.16,1.74,78795993
22/03/2022,310,332.62,307.25,331.3266667,105868557,993.98,7.91,79925011.6
23/03/2022,326.6466667,346.9,325.4666667,333.0366667,120676134,999.11,0.52,81195967.45
24/03/2022,336.5766667,341.4966667,329.6,337.9733333,68920891,1013.92,1.48,77875897.1
25/03/2022,336,340.6,332.4400667,336.88,62031538,1010.64,-0.32,77174086.1
28/03/2022,355.0333333,365.96,351.2,363.9466667,102506061,1091.84,8.03,77349045.95
29/03/2022,369.33,371.59,357.7033333,366.5233333,73614808,1099.57,0.71,77291443.4
30/03/2022,363.7233333,371.3166667,361.3333333,364.6633333,59864998,1093.99,-0.51,76552520.9
31/03/2022,364.8566667,367.7133333,358.8803333,359.2,48992759,1077.6,-1.5,75920983.45
01/04/2022,360.3833333,364.9166667,355.5466667,361.53,54263218,1084.59,0.65,75275151.4
04/04/2022,363.1266667,383.3033333,357.51,381.8166667,82177702,1145.45,5.61,75759328.45
05/04/2022,378.7666667,384.29,362.4333333,363.7533333,80075008,1091.26,-4.73,75743124.1
06/04/2022,357.8233333,359.6666667,342.5666667,348.5866667,89348541,1045.76,-4.17,77251352.75
07/04/2022,350.7966667,358.8633333,340.5133333,352.42,79447048,1057.26,1.1,78291272.6
08/04/2022,347.7366667,349.48,340.8116667,341.83,55013698,1025.49,-3,77690099.45
11/04/2022,326.8,336.156,324.88,325.31,59357218,975.93,-4.83,77100347.45
12/04/2022,332.5467,340.3973333,325.5334,328.9833333,65976085,986.95,1.13,77057094.65
13/04/2022,327.0250333,342.08,324.3656667,340.79,55121218,1022.37,3.59,75611714.6
14/04/2022,333.0966667,337.57,327.3966667,328.3333333,58422421,985,-3.66,75203687.75
18/04/2022,329.6767,338.3066667,324.47,334.7633333,51715229,1004.29,1.96,72768739.65
19/04/2022,335.02,344.98,331.7750333,342.7166667,49847816,1028.15,2.38,71162047.4
20/04/2022,343.3333333,344.6666667,325.0833667,325.7333333,70711315,977.2,-4.96,69404185.3
21/04/2022,358.2433333,364.0733333,332.1383333,336.26,105416340,1008.78,3.23,68641195.6
22/04/2022,338.3033333,344.95,331.3333667,335.0166667,69696565,1005.05,-0.37,68679979.3
25/04/2022,326.3233333,336.2066667,325.1,332.6733333,68341339,998.02,-0.7,68995469.35
26/04/2022,331.81,333.3333333,291.6667,292.14,136133657,876.42,-12.18,70676849.15
27/04/2022,299.5266667,306,292.4533333,293.8366667,76956385,881.51,0.58,70843928
28/04/2022,299.9933333,300,273.9000333,292.5033667,124948532,877.5101,-0.45,74098104.7
29/04/2022,300.75,311.4666333,290,290.2533667,88133007,870.7601,-0.77,76055117.1
02/05/2022,286.9233333,302.12,282.6767,300.98,75781381,902.94,3.7,77131025.25
03/05/2022,301.06,308.0266667,296.1966667,303.0833333,63709585,909.25,0.7,76207619.4
04/05/2022,301.3133667,318.5,295.0933333,317.54,81643702,952.62,4.77,76286054.1
05/05/2022,313.07,315.2,285.9000333,291.0933333,92519184,873.28,-8.33,76444586.25
06/05/2022,295.6667,296,281.035,288.55,72903115,865.65,-0.87,76117389.6
09/05/2022,278.8166667,281.8766667,260.3833667,262.37,90810207,787.11,-9.07,77907215.05
10/05/2022,273.1033333,275.12,258.0833333,266.68,84401641,800.04,1.64,79159436.2
11/05/2022,265,269.9233333,242.4,244.6666667,97224447,734,-8.25,80721854.3
12/05/2022,233.6666667,253.22,226.6666667,242.6666667,140312855,728,-0.82,84981436.15
13/05/2022,257.8266667,262.4499667,250.5216667,256.5300333,92150727,769.5901,5.71,86667851.45
16/05/2022,255.72,256.5866667,239.6961667,241.4566667,86098528,724.37,-5.88,88387016.4
17/05/2022,249.12,254.8266667,242.95,253.87,80236099,761.61,5.14,89906430.55
18/05/2022,248.1733333,253.5,233.6033333,236.6033333,87811797,709.81,-6.8,90761454.65
19/05/2022,235.6666667,244.6666667,231.37,236.4733333,90296664,709.42,-0.05,90005470.85
20/05/2022,237.9966667,240.5273333,211,221.3,144973319,663.9,-6.42,93769308.55
23/05/2022,218.34,226.6517,212.6866667,224.9666667,88903650,674.9,1.66,94797424.1
24/05/2022,217.8433333,217.9733333,206.8566667,209.3866667,89092527,628.16,-6.93,92445367.6
25/05/2022,207.95,223.1066667,207.6700333,219.6,92139324,658.8,4.88,93204514.55
26/05/2022,220.4733333,239.5566333,217.8866667,235.91,106003344,707.73,7.43,92257255.15
27/05/2022,241.0833333,253.2666667,240.1770333,253.21,89294967,759.63,7.33,92315353.15
31/05/2022,257.9466667,259.6,244.7433333,252.7533333,101914380,758.26,-0.18,93622003.1
01/06/2022,251.72,257.3266667,243.64,246.79,77247958,740.37,-2.36,94298921.75
02/06/2022,244.1566667,264.2100333,242.0666667,258.3333333,93473130,775,4.68,94890393.15
03/06/2022,243.225,247.7966333,233.4178,234.5166667,112393731,703.55,-9.22,95884120.5
06/06/2022,244.3533333,244.8666667,234.35,238.28,84204502,714.84,1.6,96449189.85
07/06/2022,234,239.9966667,230.0933333,238.8866667,72808579,716.66,0.25,95549108.45
08/06/2022,240.0866667,249.9633333,239.1766667,241.8666667,76210615,725.6,1.25,95139557.15
09/06/2022,249.34,255.5466333,239.3266667,239.7066667,96491301,719.12,-0.89,95102899.85
10/06/2022,235.1566667,239.5,227.9133333,232.23,98090904,696.69,-3.12,92991802.3
13/06/2022,223.1666667,226.6333333,214.6833333,215.7366667,102767259,647.21,-7.1,93522628.9
14/06/2022,218.2866667,226.33,211.7366667,220.89,97988781,662.67,2.39,94117141.55
15/06/2022,220.9166667,235.6633,218.15,233,119131941,699,5.48,96061933.65
16/06/2022,222.7366667,225.1666667,208.6933333,213.1,107390691,639.3,-8.54,97040878.35
17/06/2022,213.4333333,220.9694,213.1966667,216.76,92641767,650.28,1.72,97158133.5
21/06/2022,224.6033333,243.5773667,224.3333333,237.0366667,122792972,711.11,9.35,96049116.15
22/06/2022,234.5033333,246.8333333,233.8266667,236.0866667,101527263,708.26,-0.4,96680296.8
23/06/2022,237.905,239.3166667,228.6366667,235.07,104202687,705.21,-0.43,97435804.8
24/06/2022,237.4683333,246.0666667,236.0866667,245.7066667,95770701,737.12,4.52,97617373.65
27/06/2022,249.3666667,252.07,242.5655333,244.92,89178297,734.76,-0.32,96776121.3
28/06/2022,244.4833333,249.97,232.3433333,232.6633333,90666501,697.99,-5,96844698
29/06/2022,230.5,231.1733333,222.2733333,228.49,82897258,685.47,-1.79,95893841.9
30/06/2022,224.51,229.4566667,218.8633333,224.4733333,94600437,673.42,-1.76,96761465.85
01/07/2022,227,230.23,222.1200333,227.2633333,74460448,681.79,1.24,95810831.75
05/07/2022,223,233.1466667,216.1667,233.0666667,84779095,699.2,2.55,94430099.95
06/07/2022,230.78,234.5633333,227.1866667,231.7333333,71853619,695.2,-0.57,93812555.8
07/07/2022,233.92,245.3616667,232.21,244.5433333,81930688,733.63,5.53,94268661.25
08/07/2022,242.3333333,254.9799667,241.1614333,250.7633333,101854074,752.29,2.54,95550834.2
11/07/2022,252.1033333,253.0633333,233.6266667,234.3433333,99509211,703.03,-6.55,95701729.7
12/07/2022,236.8466667,239.7733333,228.3683333,233.07,87930957,699.21,-0.54,95193732.35
13/07/2022,225.5,242.0599667,225.0333333,237.04,97954497,711.12,1.7,94953094.25
14/07/2022,234.8966667,238.6533333,229.3333333,238.3133333,78557488,714.94,0.54,93981529.6
15/07/2022,240,243.6233,236.89,240.0666667,69683008,720.2,0.74,91509082.95
18/07/2022,244.9366667,250.5166667,239.6033333,240.5466667,82537438,721.64,0.2,90266420.3
19/07/2022,245,247.14,236.9766667,245.53,80890099,736.59,2.07,89678836.9
20/07/2022,246.7833333,250.6633333,243.483,247.5,88864074,742.5,0.8,87982392
21/07/2022,255.1066667,273.2666667,254.8666667,271.7066667,142032173,815.12,9.78,90007637.5
22/07/2022,276.22,280.7866667,270.7133333,272.2433333,103472856,816.73,0.2,89971145.95
25/07/2022,272.2166667,274.1466667,267.4000333,268.4333333,64073518,805.3,-1.4,88386286.8
26/07/2022,266.5133333,267.3099667,256.2633333,258.86,66820768,776.58,-3.57,87268410.35
27/07/2022,263.81,275.9256,261.7900333,274.82,88109997,824.46,6.17,87140585.15
28/07/2022,280.0666667,283.3,272.8,280.9000333,84722998,842.7001,2.21,87231872.15
29/07/2022,280.7,298.32,279.1,297.1500333,95312880,891.4501,5.78,87267494.3
01/08/2022,301.2750333,311.8782333,295,297.2766667,117042900,891.83,0.04,89396616.9
02/08/2022,294.0033667,307.8333333,292.6667,300.5866667,95577477,901.76,1.11,89936536
03/08/2022,305,309.55,301.1500333,307.3966667,80091115,922.19,2.27,90348410.8
04/08/2022,311,313.6067,305,308.6333667,72256315,925.9001,0.4,89864692.15
05/08/2022,302.67,304.6066333,285.5446667,288.17,113172900,864.51,-6.63,90430633.45
08/08/2022,295,305.2,289.0854,290.4233333,99365283,871.27,0.78,90423437.05
09/08/2022,290.2933333,292.3966667,279.3533333,283.3333333,86244688,850,-2.44,90339123.6
10/08/2022,297.0666667,297.51,283.37,294.3567,94918854,883.0701,3.89,90187341.45
11/08/2022,296.5133333,298.2367,285.8333333,286.63,70155058,859.89,-2.62,89767219.95
12/08/2022,289.415,300.16,285.0333333,300.0300333,79657288,900.0901,4.68,90265933.95
15/08/2022,301.7866667,313.1333667,301.23,309.32,89359170,927.96,3.1,90607020.55
16/08/2022,311.6667,314.6667,302.8833667,306.5633667,88136301,919.6901,-0.89,90969330.65
17/08/2022,303.3966667,309.6566667,300.0333333,303.9966667,68765968,911.99,-0.84,89964425.35
18/08/2022,306,306.5,301.8533333,302.87,47500529,908.61,-0.37,85237843.15
19/08/2022,299,300.36,292.5,296.6667,61395391,890.0001,-2.05,83133969.9
22/08/2022,291.9133333,292.4000333,286.2967,289.9133333,55843345,869.74,-2.28,82722461.25
23/08/2022,291.4533333,298.8266667,287.9233333,296.4533333,63985048,889.36,2.26,82580675.25
24/08/2022,297.5633667,303.6466667,296.5,297.0966667,57259708,891.29,0.22,81038160.8
25/08/2022,302.36,302.96,291.6,296.07,53230008,296.07,-0.35,79463511.3
26/08/2022,297.43,302,287.47,288.09,57163953,288.09,-2.7,77556064.95
29/08/2022,282.83,287.74,280.7,284.82,41864738,284.82,-1.14,73797156.85
30/08/2022,287.865,288.48,272.65,277.7,50541762,277.7,-2.5,71545371.1
31/08/2022,280.62,281.25,271.81,275.61,52107340,275.61,-0.75,70146182.35
01/09/2022,272.575,277.58,266.15,277.16,54287020,277.16,0.56,69247717.6
02/09/2022,281.065,282.35,269.08,270.21,50890090,270.21,-2.51,66133577.1
06/09/2022,272.675,275.99,265.74,274.42,55859980,274.42,1.56,63958311.95
07/09/2022,273.1,283.84,272.27,283.7,50028922,283.7,3.38,62147523.65
08/09/2022,281.3,289.5,279.76,289.26,53713121,289.26,1.96,60087237
09/09/2022,291.67,299.85,291.245,299.68,54470848,299.68,3.6,59303026.5
12/09/2022,300.72,305.49,300.4,304.42,48674602,304.42,1.58,57753892.2
13/09/2022,292.9,297.3999,290.4,292.13,68229617,292.13,-4.04,56697414.55
14/09/2022,292.24,306,291.64,302.61,72628648,302.61,3.59,55922031.9
15/09/2022,301.825,309.12,300.7247,303.75,64795520,303.75,0.38,55723509.5
16/09/2022,299.605,303.71,295.6005,303.35,87087789,303.35,-0.13,57702872.5
19/09/2022,300.09,309.84,297.8,309.07,60231160,309.07,1.89,57644660.95
20/09/2022,306.91,313.33,305.58,308.73,61642781,308.73,-0.11,57934632.75
21/09/2022,308.29,313.8,300.63,300.8,62555660,300.8,-2.57,57863163.35
22/09/2022,299.86,301.29,285.82,288.59,70545406,288.59,-4.06,58527448.25
23/09/2022,283.09,284.5,272.82,275.33,63748359,275.33,-4.59,59053365.8
26/09/2022,271.83,284.09,270.31,276.01,58076910,276.01,0.25,59099013.65
27/09/2022,283.84,288.67,277.51,282.94,61925191,282.94,2.51,60102036.3
28/09/2022,283.08,289,277.57,287.81,54664809,287.81,1.72,60308188.65
29/09/2022,282.76,283.65,265.78,268.21,77620641,268.21,-6.81,61583853.7
30/09/2022,266.145,275.57,262.47,265.25,67726602,265.25,-1.1,62255832.8
03/10/2022,254.5,255.16,241.01,242.4,98363539,242.4,-8.61,64629505.25
04/10/2022,250.52,257.5,242.01,249.44,109578492,249.44,2.9,67315430.85
05/10/2022,245.01,246.6697,233.27,240.81,86982672,240.81,-3.46,69163118.35
06/10/2022,239.44,244.58,235.35,238.13,69298438,238.13,-1.11,69942384.2
07/10/2022,233.935,234.5715,222.02,223.07,83916797,223.07,-6.32,71414681.65
10/10/2022,223.93,226.99,218.3582,222.96,67925023,222.96,-0.05,72377202.7
11/10/2022,220.945,225.75,215,216.5,77013203,216.5,-2.9,72816382
12/10/2022,215.33,219.2999,211.51,217.24,66860703,217.24,0.34,72527984.75
13/10/2022,208.3,222.99,206.22,221.72,91483047,221.72,2.06,73862361.1
14/10/2022,224.01,226.26,204.16,204.99,94124516,204.99,-7.55,74214197.45
17/10/2022,210.04,221.86,209.45,219.35,79428805,219.35,7.01,75174079.7
18/10/2022,229.5,229.82,217.25,220.19,75891914,220.19,0.38,75886536.35
19/10/2022,219.8,222.93,217.78,222.04,66571477,222.04,0.84,76087327.2
20/10/2022,208.28,215.55,202,207.28,117798094,207.28,-6.65,78449961.6
21/10/2022,206.415,214.66,203.8,214.44,75713750,214.44,3.45,79048231.15
24/10/2022,205.82,213.5,198.5863,211.25,100446797,211.25,-1.49,81166725.5
25/10/2022,210.1,224.3498,210,222.415,96507875,222.415,5.29,82895859.7
26/10/2022,219.4,230.6,218.2,224.64,85327078,224.64,1,84428973.15
27/10/2022,229.77,233.81,222.85,225.09,61638820,225.09,0.2,83629882.1
28/10/2022,225.4,228.86,216.35,228.52,69152391,228.52,1.52,83701171.55
31/10/2022,226.19,229.85,221.94,227.54,61554340,227.54,-0.43,81860711.6
01/11/2022,234.05,237.3951,227.28,227.82,62688820,227.82,0.12,79516228
02/11/2022,226.04,227.8699,214.82,214.98,63070289,214.98,-5.64,78320608.85
03/11/2022,211.36,221.2,210.14,215.31,56538848,215.31,0.15,77682629.35
04/11/2022,222.6,223.8,203.08,207.47,98622211,207.47,-3.64,78417900.05
07/11/2022,208.65,208.9,196.66,197.08,93916523,197.08,-5.01,79717475.05
08/11/2022,194.02,195.2,186.75,191.3,128803398,191.3,-2.93,82306984.8
09/11/2022,190.775,195.89,177.12,177.59,127062703,177.59,-7.17,85317084.8
10/11/2022,189.9,191,180.03,190.72,132703000,190.72,7.39,87378082.45
11/11/2022,186,196.52,182.59,195.97,114403602,195.97,2.75,88392036.75
14/11/2022,192.77,195.73,186.34,190.95,92226648,190.95,-2.56,89031928.9
15/11/2022,195.88,200.8237,192.06,194.42,91293789,194.42,1.82,89802022.65
16/11/2022,191.51,192.57,185.66,186.92,66567602,186.92,-3.86,89801828.9
17/11/2022,183.96,186.16,180.9,183.17,64335969,183.17,-2.01,87128722.65
18/11/2022,185.05,185.19,176.55,180.19,76048875,180.19,-1.63,87145478.9
21/11/2022,175.85,176.77,167.54,167.87,92882711,167.87,-6.84,86767274.6
22/11/2022,168.63,170.92,166.185,169.91,78452328,169.91,1.22,85864497.25
23/11/2022,173.57,183.62,172.5,183.2,109536703,183.2,7.82,87074978.5
25/11/2022,185.06,185.2,180.63,182.86,50672738,182.86,-0.19,86526674.4
28/11/2022,179.96,188.5,179,182.92,93038148,182.92,0.03,87720962.25
29/11/2022,184.99,186.38,178.75,180.83,83357109,180.83,-1.14,88811100.7
30/11/2022,182.43,194.76,180.6301,194.7,109186398,194.7,7.67,91135979.6
01/12/2022,197.08,198.92,191.8,194.7,80046211,194.7,0,91984775.7
02/12/2022,191.78,196.25,191.11,194.86,73645922,194.86,0.08,92840129.4
05/12/2022,189.44,191.27,180.55,182.45,93122672,182.45,-6.37,92565152.45
06/12/2022,181.215,183.65,175.33,179.82,92150812,179.82,-1.44,92476866.9
07/12/2022,175.03,179.38,172.218,174.04,84213281,174.04,-3.21,90247361.05
08/12/2022,172.2,175.2,169.06,173.44,97624484,173.44,-0.34,88775450.1
09/12/2022,173.84,182.5,173.36,179.05,104872305,179.05,3.23,87383915.35
12/12/2022,176.1,177.37,167.52,167.82,109794492,167.82,-6.27,87153459.85
13/12/2022,174.87,175.05,156.91,160.95,175862703,160.95,-4.09,91335262.6
14/12/2022,159.25,161.62,155.31,156.8,140682297,156.8,-2.58,93804688
15/12/2022,153.44,160.9299,153.28,157.67,122334492,157.67,0.55,96593032.5
16/12/2022,159.635,160.99,150.04,150.23,139032188,150.23,-4.72,100327843.5
19/12/2022,154,155.25,145.82,149.87,139390594,149.87,-0.24,103494929.4
20/12/2022,146.05,148.47,137.66,137.8,159563297,137.8,-8.05,106828958.7
21/12/2022,139.335,141.26,135.89,137.57,145417406,137.57,-0.17,110177212.6
22/12/2022,136,136.63,122.26,125.35,210090297,125.35,-8.88,115204892.3
23/12/2022,126.37,128.6173,121.02,123.15,166989703,123.15,-1.76,121020740.6
27/12/2022,117.495,119.67,108.76,109.1,208643391,109.1,-11.41,126801002.7
28/12/2022,110.35,116.27,108.24,112.71,221070500,112.71,3.31,133686672.3
29/12/2022,120.385,123.57,117.495,121.82,221923297,121.82,8.08,139323517.2
30/12/2022,119.95,124.48,119.75,123.18,157777297,123.18,1.12,143210071.5
03/01/2023,118.47,118.8,104.64,108.1,231402797,108.1,-12.24,151097915.3
04/01/2023,109.11,114.59,107.52,113.64,180388984,113.64,5.12,155461230.9
05/01/2023,110.51,111.75,107.1601,110.34,157986297,110.34,-2.9,158753005.1
06/01/2023,103,114.39,101.81,113.06,220911109,113.06,2.47,165587896.5
09/01/2023,118.96,123.52,117.11,119.77,190284000,119.77,5.93,170220872.3
10/01/2023,121.07,122.76,114.92,118.85,167642500,118.85,-0.77,173359382.1
11/01/2023,122.09,125.95,120.51,123.22,183810797,123.22,3.68,177060197.3
12/01/2023,122.56,124.1311,117,123.56,169400891,123.56,0.28,176737106.7
13/01/2023,116.55,122.63,115.6,122.4,180714094,122.4,-0.94,178738696.6
17/01/2023,125.695,131.7,125.02,131.49,186476984,131.49,7.43,181945821.2
18/01/2023,136.555,136.68,127.01,128.78,195680297,128.78,-2.06,184778226.6
19/01/2023,127.26,129.99,124.3082,127.17,170291906,127.17,-1.25,186323292.2
20/01/2023,128.68,133.51,127.3466,133.42,138858094,133.42,4.91,185288032.1
23/01/2023,135.87,145.3793,134.27,143.75,203119203,143.75,7.74,188173121.9
24/01/2023,143,146.5,141.1,143.89,158699109,143.89,0.1,185603562.5
25/01/2023,141.905,146.41,138.07,144.43,192734297,144.43,0.38,186890792.2
26/01/2023,159.965,161.42,154.76,160.27,234815109,160.27,10.97,188199378.1
27/01/2023,162.43,180.68,161.17,177.9,306590594,177.9,11,192475382.8
30/01/2023,178.05,179.77,166.5,166.66,230878797,166.66,-6.32,192923157.8
31/01/2023,164.57,174.3,162.78,173.22,196813500,173.22,3.94,194874968
01/02/2023,173.89,183.805,169.93,181.41,213806297,181.41,4.73,193995143
02/02/2023,187.325,196.7501,182.61,188.27,217448297,188.27,3.78,195848108.6
03/02/2023,183.95,199,183.69,189.98,232662000,189.98,0.91,199581893.8
06/02/2023,193.01,198.17,189.92,194.76,186188094,194.76,2.52,197845743
07/02/2023,196.43,197.5,189.55,196.81,186010297,196.81,1.05,197632057.9
08/02/2023,196.1,203,194.31,201.29,180673594,201.29,2.28,198283612.6
09/02/2023,207.775,214,204.77,207.32,215431391,207.32,3,199864642.3
10/02/2023,202.225,206.2,192.89,196.89,204754094,196.89,-5.03,201632302.4
13/02/2023,194.415,196.3,187.61,194.64,172475500,194.64,-1.14,201220372.7
14/02/2023,191.94,209.82,189.44,209.25,216455703,209.25,7.51,202719308.7
15/02/2023,211.755,214.66,206.11,214.24,182108609,214.24,2.38,202040724.3
16/02/2023,210.78,217.65,201.84,202.04,229586500,202.04,-5.69,205005454
17/02/2023,199.985,208.44,197.5,208.31,213738500,208.31,3.1,208749474.3
21/02/2023,204.99,209.71,197.22,197.37,180018594,197.37,-5.25,207594443.8
22/02/2023,197.93,201.99,191.78,200.86,191828500,200.86,1.77,209250913.4
23/02/2023,203.91,205.14,196.33,202.07,146360000,202.07,0.6,206932198.5
24/02/2023,196.325,197.6695,192.8,196.88,142228094,196.88,-2.57,202302847.8
27/02/2023,202.03,209.42,201.26,207.63,161028297,207.63,5.46,195024732.9
28/02/2023,210.59,211.23,203.75,205.71,153144891,205.71,-0.92,191138037.6
01/03/2023,206.21,207.2,198.52,202.77,156852797,202.77,-1.43,189140002.5
02/03/2023,186.74,193.7499,186.01,190.9,181979203,190.9,-5.85,187548647.8
03/03/2023,194.795,200.48,192.88,197.79,154193297,197.79,3.61,184385897.8
06/03/2023,198.54,198.6,192.3,193.81,128100094,193.81,-2.01,179157802.5
07/03/2023,191.38,194.2,186.1,187.71,148125797,187.71,-3.15,177254687.6
08/03/2023,185.04,186.5,180,182,151897797,182,-3.04,175549062.6
09/03/2023,180.25,185.18,172.5124,172.92,170023812,172.92,-4.99,175016573.5
10/03/2023,175.13,178.29,168.44,173.44,191488891,173.44,0.3,173819448.5
13/03/2023,167.455,177.35,163.91,174.48,167790297,174.48,0.6,171971258.7
14/03/2023,177.31,183.8,177.1401,183.26,143717906,183.26,5.03,170533379
15/03/2023,180.8,182.34,176.03,180.45,145995594,180.45,-1.53,167010373.5
16/03/2023,180.365,185.81,178.84,184.13,121374492,184.13,2.04,163973667.7
17/03/2023,184.515,186.2199,177.33,180.13,133197109,180.13,-2.17,159154198.1
20/03/2023,178.08,186.44,176.35,183.25,129684398,183.25,1.73,154951493
21/03/2023,188.28,198,188.04,197.58,153391391,197.58,7.82,153620132.9
22/03/2023,199.3,200.66,190.95,191.15,150376406,191.15,-3.25,151547528.2
23/03/2023,195.26,199.31,188.65,192.22,144193906,192.22,0.56,151439223.5
24/03/2023,191.65,192.36,187.15,190.41,116531602,190.41,-0.94,150154398.9
27/03/2023,194.415,197.39,189.94,191.81,120851602,191.81,0.74,148145564.1
28/03/2023,192,192.35,185.43,189.19,98654641,189.19,-1.37,145421051.6
29/03/2023,193.13,195.29,189.44,193.88,123660000,193.88,2.48,143761411.8
30/03/2023,195.58,197.33,194.42,195.28,110252203,195.28,0.72,140175061.8
31/03/2023,197.53,207.79,197.2,207.46,170222094,207.46,6.24,140976501.6
03/04/2023,199.91,202.6897,192.2,194.77,169545906,194.77,-6.12,143048792.2
04/04/2023,197.32,198.7446,190.32,192.58,126463797,192.58,-1.12,141965692.2
05/04/2023,190.515,190.68,183.76,185.52,133882500,185.52,-3.67,141064927.4
06/04/2023,183.08,186.39,179.74,185.06,123857906,185.06,-0.25,138756632.1
10/04/2023,179.94,185.1,176.11,184.51,142154594,184.51,-0.3,136289917.2
11/04/2023,186.69,189.19,185.6475,186.79,115770898,186.79,1.24,133688947.3
12/04/2023,190.74,191.5846,180.31,180.54,150256297,180.54,-3.35,134015866.8
13/04/2023,182.955,186.5,180.94,185.9,112933000,185.9,2.97,132362737.1
14/04/2023,183.95,186.28,182.01,185,96438656,185,-0.48,131115945.3
17/04/2023,186.32,189.69,182.69,187.04,116662203,187.04,1.1,130289200
18/04/2023,187.15,187.69,183.5775,184.31,92067023,184.31,-1.46,128408331.3
19/04/2023,179.1,183.5,177.65,180.59,125732703,180.59,-2.02,127025396.9
20/04/2023,166.165,169.7,160.56,162.99,210970797,162.99,-9.75,130055116.4
21/04/2023,164.8,166,161.3208,165.08,123539000,165.08,1.28,129022371.1
24/04/2023,164.65,165.65,158.61,162.55,140006594,162.55,-1.53,130196120.7
25/04/2023,159.82,163.47,158.75,160.67,121999297,160.67,-1.16,130253505.5
26/04/2023,160.29,160.67,153.14,153.75,153364094,153.75,-4.31,132988978.1
27/04/2023,152.64,160.48,152.37,160.19,127015203,160.19,4.19,133156738.3
28/04/2023,160.9,165,157.32,164.31,122515797,164.31,2.57,133769918
01/05/2023,163.17,163.28,158.83,161.83,109015000,161.83,-1.51,130709563.3
02/05/2023,161.88,165.49,158.93,160.31,128259695,160.31,-0.94,128645252.7
03/05/2023,160.01,165,159.91,160.61,119728000,160.61,0.19,128308462.9
04/05/2023,162.71,162.95,159.65,161.2,95108484,161.2,0.37,126369762.1
05/05/2023,163.97,170.7899,163.51,170.06,107607297,170.06,5.5,125557231.6
08/05/2023,173.72,173.8,169.19,171.79,112249398,171.79,1.02,124061971.8
09/05/2023,168.95,169.82,166.56,169.15,88965039,169.15,-1.54,122721678.9
10/05/2023,172.55,174.43,166.68,168.54,119840703,168.54,-0.36,121200899.2
11/05/2023,168.7,173.57,166.79,172.08,103889906,172.08,2.1,120748744.5
12/05/2023,176.07,177.38,167.23,167.98,157849594,167.98,-2.38,123819291.4
15/05/2023,167.655,169.76,164.5499,166.35,105592492,166.35,-0.97,123265805.8
16/05/2023,165.65,169.5184,164.35,166.52,98288789,166.52,0.1,123576894.1
17/05/2023,168.41,174.5,167.185,173.86,125473602,173.86,4.41,123563939.1
18/05/2023,174.22,177.06,172.45,176.89,109520305,176.89,1.74,118491414.5
19/05/2023,177.17,181.95,176.31,180.14,136196703,180.14,1.84,119124299.6
22/05/2023,180.7,189.32,180.11,188.87,132001406,188.87,4.85,118724040.2
23/05/2023,186.2,192.96,185.26,185.77,156952094,185.77,-1.64,120471680.1
24/05/2023,182.23,184.22,178.22,182.9,137605109,182.9,-1.54,119683730.8
25/05/2023,186.54,186.78,180.58,184.47,96870719,184.47,0.86,118176506.6
26/05/2023,184.62,198.6,184.53,193.17,162061500,193.17,4.72,120153791.8
30/05/2023,200.1,204.48,197.53,201.16,128818703,201.16,4.14,121143976.9
31/05/2023,199.78,203.95,195.12,203.93,150711703,203.93,1.38,122266577.3
01/06/2023,202.59,209.8,199.37,207.52,148029906,207.52,1.76,123681672.6
02/06/2023,210.15,217.25,209.752,213.97,164398406,213.97,3.11,127146168.7
05/06/2023,217.8,221.29,214.52,217.61,151143109,217.61,1.7,129322959.3
06/06/2023,216.14,221.91,212.53,221.31,146911594,221.31,1.7,131056069.1
07/06/2023,228,230.8296,223.2,224.57,185710797,224.57,1.47,135893357
08/06/2023,224.22,235.23,223.01,234.86,164489703,234.86,4.58,138125807
09/06/2023,249.07,252.42,242.02,244.4,200242406,244.4,4.06,142943432
12/06/2023,247.94,250.97,244.59,249.83,150740500,249.83,2.22,142587977.3
13/06/2023,253.51,259.68,251.34,258.71,162384297,258.71,3.55,145427567.6
14/06/2023,260.17,261.57,250.5,256.79,170575500,256.79,-0.74,149041903.1
15/06/2023,248.4,258.95,247.29,255.9,160171203,255.9,-0.35,150776783.2
16/06/2023,258.92,263.6,257.2091,260.54,167915594,260.54,1.81,153696547.6
20/06/2023,261.5,274.75,261.12,274.45,165611203,274.45,5.34,155167272.6
21/06/2023,275.13,276.99,257.78,259.46,211797109,259.46,-5.46,159157057.8
22/06/2023,250.77,265,248.25,264.61,166875906,264.61,1.98,159653248.4
23/06/2023,259.29,262.45,252.8,256.6,177460797,256.6,-3.03,161646032.8
26/06/2023,250.065,258.37,240.7,241.05,179990594,241.05,-6.06,165802026.5
27/06/2023,243.24,250.3899,240.85,250.21,164968188,250.21,3.8,165947360.9
28/06/2023,249.7,259.88,248.89,256.24,159770797,256.24,2.41,167494965.6
29/06/2023,258.03,260.74,253.61,257.5,131283406,257.5,0.49,166523550.8
30/06/2023,260.6,264.45,259.89,261.77,112620797,261.77,1.66,164753095.3
03/07/2023,276.49,284.25,275.11,279.82,118999000,279.82,6.9,162483125
05/07/2023,278.82,283.85,277.6,282.48,131530891,282.48,0.95,161502514.1
06/07/2023,278.09,279.97,272.88,276.54,120707398,276.54,-2.1,160192304.3
07/07/2023,278.43,280.78,273.77,274.43,113879203,274.43,-0.76,156600724.6
10/07/2023,276.47,277.52,265.1,269.61,119425398,269.61,-1.76,154347509.4
11/07/2023,268.65,270.9,266.37,269.79,91972359,269.79,0.07,148934007
12/07/2023,276.325,276.52,271.46,271.99,95672141,271.99,0.82,146180589.1
13/07/2023,274.59,279.45,270.6,277.9,112681508,277.9,2.17,143695449.6
14/07/2023,277.01,285.3,276.31,281.38,120062398,281.38,1.25,141169794.5
17/07/2023,286.625,292.23,283.57,290.38,131569594,290.38,3.2,139739714.1
18/07/2023,290.15,295.26,286.01,293.34,112434703,293.34,1.02,136965669.5
19/07/2023,296.04,299.29,289.5201,291.26,142355391,291.26,-0.71,135802878.9
20/07/2023,279.56,280.93,261.2,262.9,175158297,262.9,-9.74,133970938.3
21/07/2023,268,268,255.8,260.02,161796094,260.02,-1.1,133716947.7
24/07/2023,255.85,269.85,254.12,269.06,137004984,269.06,3.48,131694157.1
25/07/2023,272.38,272.9,265,265.28,112757297,265.28,-1.4,128332492.2
26/07/2023,263.25,268.04,261.75,264.35,95856180,264.35,-0.35,124876891.8
27/07/2023,268.31,269.13,255.3,255.71,103697297,255.71,-3.27,122073216.8
28/07/2023,259.86,267.25,258.2312,266.44,111446000,266.44,4.2,121081346.5
31/07/2023,267.48,269.08,263.78,267.43,84582172,267.43,0.37,119679415.3
01/08/2023,266.26,266.47,260.25,261.07,83645719,261.07,-2.38,117911751.2
02/08/2023,255.57,259.52,250.49,254.11,101752898,254.11,-2.67,116422851.6
03/08/2023,252.04,260.49,252,259.32,97829555,259.32,2.05,115278959.4
04/08/2023,260.97,264.77,253.11,253.86,99539914,253.86,-2.11,114561995
07/08/2023,251.45,253.6511,242.76,251.45,111097906,251.45,-0.95,114145620.4
08/08/2023,247.45,250.92,245.01,249.7,96642180,249.7,-0.7,114379111.4
09/08/2023,250.87,251.1,241.9,242.19,101596305,242.19,-3.01,114675319.6
10/08/2023,245.4,251.8,243,245.34,109498602,245.34,1.3,114516174.3
11/08/2023,241.77,243.79,238.02,242.65,99038641,242.65,-1.1,113464986.5
14/08/2023,235.7,240.66,233.75,239.76,98595328,239.76,-1.19,111816273.2
15/08/2023,238.73,240.5,232.61,232.96,88197602,232.96,-2.84,110604418.1
16/08/2023,228.02,233.97,225.38,225.6,112484492,225.6,-3.16,109110873.2
17/08/2023,226.06,226.74,218.83,219.22,120718398,219.22,-2.83,106388878.2
18/08/2023,214.12,217.58,212.36,215.49,136276609,215.49,-1.7,105112904
21/08/2023,221.5512,232.1343,220.58,231.28,135702703,231.28,7.33,105047789.9
22/08/2023,240.25,240.82,229.55,233.19,130597906,233.19,0.83,105939820.4
23/08/2023,229.34,238.98,229.29,236.86,101077602,236.86,1.57,106200891.5
24/08/2023,238.66,238.92,228.1801,230.04,99777430,230.04,-2.88,106004898.1
25/08/2023,231.31,239,230.35,238.59,106612203,238.59,3.72,105763208.3
28/08/2023,242.58,244.38,235.35,238.82,107673695,238.82,0.1,106917784.4
29/08/2023,238.58,257.48,237.77,257.18,134047594,257.18,7.69,109437878.2
30/08/2023,254.2,260.51,250.59,256.9,121988398,256.9,-0.11,110449653.2
31/08/2023,255.98,261.18,255.05,258.08,108861695,258.08,0.46,111001260.2
01/09/2023,257.26,259.0794,242.01,245.01,132541594,245.01,-5.06,112651344.2
05/09/2023,245,258,244.86,256.49,129469602,256.49,4.69,113569929
06/09/2023,255.135,255.39,245.06,251.92,116959797,251.92,-1.78,114585809.8
07/09/2023,245.07,252.81,243.265,251.49,115312898,251.49,-0.17,115271639.5
08/09/2023,251.22,256.52,246.67,248.5,118559602,248.5,-1.19,115724689.5
11/09/2023,264.27,274.85,260.61,273.58,174667906,273.58,10.09,119506152.7
12/09/2023,270.76,278.39,266.6,267.48,135999906,267.48,-2.23,121376381.6
13/09/2023,270.07,274.98,268.1,271.3,111673695,271.3,1.43,122550186.3
14/09/2023,271.32,276.7094,270.42,276.04,107709797,276.04,1.75,122311451.5
15/09/2023,277.55,278.98,271,274.39,133692297,274.39,-0.6,122960146.5
18/09/2023,271.16,271.44,263.7601,265.28,101543297,265.28,-3.32,121223480.9
19/09/2023,264.35,267.85,261.2,266.5,103704000,266.5,0.46,119623545.7
20/09/2023,267.04,273.93,262.4606,262.59,122514602,262.59,-1.47,119219380.5
21/09/2023,257.85,260.86,254.21,255.7,119951508,255.7,-2.62,120163075.8
22/09/2023,257.4,257.7888,244.48,244.88,127524094,244.88,-4.23,121550409
25/09/2023,243.38,247.1,238.31,246.99,104636602,246.99,0.86,121451629
26/09/2023,242.98,249.55,241.6601,244.12,101993602,244.12,-1.16,121167624.3
27/09/2023,244.262,245.33,234.58,240.5,136597203,240.5,-1.48,121295104.8
28/09/2023,240.02,247.55,238.65,246.38,117058898,246.38,2.44,121048629.8
29/09/2023,250,254.77,246.35,250.22,128522703,250.22,1.56,122031680.2
02/10/2023,244.81,254.2799,242.62,251.6,123810398,251.6,0.55,121595120.4
03/10/2023,248.61,250.02,244.45,246.53,101985297,246.53,-2.02,120220905.1
04/10/2023,248.14,261.86,247.6,261.16,129721602,261.16,5.93,120858995.4
05/10/2023,260,263.6,256.25,260.05,119159203,260.05,-0.43,121051310.6
06/10/2023,253.98,261.65,250.65,260.53,118121797,260.53,0.18,121029420.4
09/10/2023,255.31,261.36,252.05,259.67,101377906,259.67,-0.33,117364920.4
10/10/2023,257.75,268.94,257.65,263.62,122656000,263.62,1.52,116697725.1
11/10/2023,266.2,268.6,260.9,262.99,103706305,262.99,-0.24,116299355.6
12/10/2023,262.92,265.41,256.6307,258.87,111508094,258.87,-1.57,116489270.4
13/10/2023,258.9,259.6,250.22,251.12,102296797,251.12,-2.99,114919495.4
16/10/2023,250.05,255.3999,248.48,253.92,88917188,253.92,1.12,114288190
17/10/2023,250.1,257.183,247.08,254.85,93562914,254.85,0.37,113781135.7
18/10/2023,252.7,254.63,242.08,242.68,125147797,242.68,-4.78,113912795.4
19/10/2023,225.95,230.61,216.78,220.11,170772703,220.11,-9.3,116453855.2
20/10/2023,217.01,218.8606,210.42,211.99,138010094,211.99,-3.69,116978155.2
23/10/2023,210,216.98,202.51,212.08,150683391,212.08,0.04,119280494.6
24/10/2023,216.5,222.05,214.11,216.52,118231102,216.52,2.09,120092369.6
25/10/2023,215.88,220.1,212.2,212.42,107065102,212.42,-1.89,118615764.6
26/10/2023,211.32,214.8,204.88,205.76,115112602,205.76,-3.14,118518449.8
27/10/2023,210.6,212.41,205.77,207.3,94881172,207.3,0.75,116836373.2
30/10/2023,209.28,210.88,194.67,197.36,136448188,197.36,-4.79,117468262.7
31/10/2023,196.12,202.8,194.07,200.84,118068305,200.84,1.76,118272413.1
01/11/2023,204.04,205.99,197.85,205.66,121661695,205.66,2.4,117869417.8
02/11/2023,212.97,219.2,211.45,218.51,125987602,218.51,6.25,118210837.7
03/11/2023,221.15,226.3701,218.4,219.96,119534797,219.96,0.66,118281487.7
06/11/2023,223.98,226.32,215,219.27,117335797,219.27,-0.31,119079382.3
07/11/2023,219.98,223.12,215.72,222.18,116900094,222.18,1.33,118791587
08/11/2023,223.15,224.15,217.64,222.11,106584797,222.11,-0.03,118935511.6
09/11/2023,219.75,220.8,206.68,209.98,142110500,209.98,-5.46,120465631.9
10/11/2023,210.03,215.38,205.69,214.65,131310094,214.65,2.22,121916296.7
13/11/2023,215.6,225.4,211.6101,223.71,140447594,223.71,4.22,124492817
14/11/2023,235.03,238.135,230.72,237.41,149771594,237.41,6.12,127303251
15/11/2023,239.29,246.7,236.45,242.84,150354000,242.84,2.29,128563561.2
16/11/2023,239.49,240.88,230.96,233.59,136816797,233.59,-3.81,126865765.9
17/11/2023,232,237.39,226.54,234.3,142766203,234.3,0.3,127103571.3
20/11/2023,234.04,237.1,231.02,235.6,116562398,235.6,0.55,125397521.7
21/11/2023,235.04,243.62,233.34,241.2,122288000,241.2,2.38,125600366.6
22/11/2023,242.04,244.01,231.4,234.21,118117102,234.21,-2.9,126152966.6
24/11/2023,233.75,238.75,232.33,235.45,65125199,235.45,0.53,123653596.4
27/11/2023,236.89,238.33,232.1,236.08,112031797,236.08,0.27,124511127.7
28/11/2023,236.68,247,234.01,246.72,148549906,246.72,4.51,125116213.6
29/11/2023,249.21,252.75,242.76,244.14,135401297,244.14,-1.05,125982863.2
30/11/2023,245.14,245.22,236.91,240.08,132353203,240.08,-1.66,126517438.6
01/12/2023,233.14,240.19,231.9,238.83,121331695,238.83,-0.52,126284643.2
04/12/2023,235.75,239.3733,233.2902,235.58,104099797,235.58,-1.36,125512893.2
05/12/2023,233.87,246.66,233.7,238.72,137971109,238.72,1.33,126544658.8
06/12/2023,242.92,246.57,239.1709,239.37,126436203,239.37,0.27,127021464.3
07/12/2023,241.55,244.08,236.98,242.64,107142305,242.64,1.37,127049339.7
08/12/2023,240.27,245.27,239.2701,243.84,103126797,243.84,0.49,125100154.5
11/12/2023,242.74,243.441,237.45,239.74,97913891,239.74,-1.68,123430344.4
12/12/2023,238.55,238.99,233.87,237.01,95328312,237.01,-1.14,121174380.3
13/12/2023,234.19,240.3,228.2,239.29,146286297,239.29,0.96,121000115.4
14/12/2023,241.22,253.88,240.79,251.05,160829203,251.05,4.91,121523875.6
15/12/2023,251.21,254.13,248.3,253.5,135932797,253.5,0.98,121479675.6
18/12/2023,253.78,258.74,251.36,252.08,116416492,252.08,-0.56,120162190
19/12/2023,253.48,258.3399,253.01,257.22,106737398,257.22,2.04,119670940
20/12/2023,256.41,259.84,247,247.14,125097000,247.14,-3.92,119811390
21/12/2023,251.9,254.7999,248.55,254.5,109594203,254.5,2.98,119385245.1
22/12/2023,256.76,258.22,251.37,252.54,93370086,252.54,-0.77,120797489.4
26/12/2023,254.49,257.97,252.91,256.61,86892383,256.61,1.61,119540518.7
27/12/2023,258.35,263.34,257.52,261.44,106494398,261.44,1.88,117437743.3
28/12/2023,263.66,265.13,252.71,253.18,113619906,253.18,-3.16,116348673.8
29/12/2023,255.1,255.19,247.43,248.48,100891602,248.48,-1.86,114775593.7
02/01/2024,250.08,251.25,244.41,248.42,104654203,248.42,-0.02,113941719.1
03/01/2024,244.98,245.68,236.32,238.45,121082602,238.45,-4.01,114790859.4
04/01/2024,239.25,242.7,237.73,237.93,102629297,237.93,-0.22,113023768.8
05/01/2024,236.86,240.1196,234.9001,237.49,92488945,237.49,-0.18,111326405.9
08/01/2024,236.14,241.25,235.3,240.45,85166578,240.45,1.25,110227619.5
09/01/2024,238.11,238.9646,232.04,234.96,96705664,234.96,-2.28,109906562.9
10/01/2024,235.1,235.5,231.29,233.94,91628492,233.94,-0.43,109592292.9
11/01/2024,230.57,230.93,225.37,227.22,105873602,227.22,-2.87,110119557.4
12/01/2024,220.08,225.34,217.1501,218.89,123043797,218.89,-3.67,108957432.4
16/01/2024,215.1,223.49,212.18,219.91,115355000,219.91,0.47,106683722.3
17/01/2024,214.86,215.67,212.01,215.55,103164398,215.55,-1.98,105045302.3
18/01/2024,216.88,217.45,208.74,211.88,108595398,211.88,-1.7,104654247.6
19/01/2024,209.99,213.19,207.56,212.19,102260305,212.19,0.15,104430393
22/01/2024,212.26,217.8,206.27,208.8,117952492,208.8,-1.6,104073167.6
23/01/2024,211.3,215.65,207.7516,209.14,106605906,209.14,0.16,103923752.7
24/01/2024,211.88,212.73,206.77,207.83,123369906,207.83,-0.63,105423743.7
25/01/2024,189.7,193,180.06,182.63,198076797,182.63,-12.13,110982964.4
26/01/2024,185.5,186.78,182.1,183.25,107343203,183.25,0.34,111025404.7
29/01/2024,185.63,191.48,183.67,190.93,125013102,190.93,4.19,111595064.5
30/01/2024,195.33,196.3593,190.61,191.59,109982305,191.59,0.35,112049599.6
31/01/2024,186.995,193.97,185.8459,187.29,103221398,187.29,-2.24,111977959.4
01/02/2024,188.5,189.88,184.28,188.86,91843281,188.86,0.84,110515993.3
02/02/2024,185.04,188.69,182,187.91,110612703,187.91,-0.5,110915163.6
05/02/2024,184.26,184.68,175.01,181.06,134294406,181.06,-3.65,113005436.7
06/02/2024,177.21,186.49,177.11,185.1,122676000,185.1,2.23,114880907.8
07/02/2024,188.18,189.79,182.68,187.58,111535203,187.58,1.34,115622384.7
08/02/2024,189,191.6171,185.58,189.56,83034039,189.56,1.06,115192662.1
09/02/2024,190.18,194.12,189.48,193.57,84476352,193.57,2.12,114122799.6
12/02/2024,192.11,194.73,187.28,188.13,95498602,188.13,-2.81,112745539.8
13/02/2024,183.99,187.26,182.1087,184.02,86759477,184.02,-2.18,111315763.7
14/02/2024,185.3,188.89,183.35,188.71,81202992,188.71,2.55,110217693.4
15/02/2024,189.16,200.88,188.8595,200.45,120831797,200.45,6.22,110829513.3
16/02/2024,202.06,203.17,197.4,199.95,111346703,199.95,-0.25,111283833.2
20/02/2024,196.13,198.6,189.13,193.76,104545797,193.76,-3.1,110613498.5
21/02/2024,193.36,199.44,191.95,194.77,103844000,194.77,0.52,110475403.2
22/02/2024,194,198.32,191.36,197.41,92739453,197.41,1.36,108943880.5
23/02/2024,195.31,197.57,191.5,191.97,78841922,191.97,-2.76,102982136.8
26/02/2024,192.29,201.78,192,199.4,111747102,199.4,3.87,103202331.7
27/02/2024,204.04,205.6,198.26,199.73,108645398,199.73,0.17,102383946.5
28/02/2024,200.42,205.3,198.44,202.04,99806172,202.04,1.16,101875139.9
29/02/2024,204.18,205.28,198.4463,201.88,85906969,201.88,-0.08,101009418.4
01/03/2024,200.52,204.52,198.5,202.64,82243117,202.64,0.38,100529410.2
04/03/2024,198.73,199.75,186.72,188.14,134334891,188.14,-7.16,101715519.6
05/03/2024,183.05,184.59,177.57,180.74,119660797,180.74,-3.93,100983839.2
06/03/2024,179.99,181.576,173.7,176.54,107920898,176.54,-2.32,100246084.1
07/03/2024,174.35,180.04,173.7,178.65,102129000,178.65,1.2,99775773.9
08/03/2024,181.5,182.73,174.7,175.34,85544641,175.34,-1.85,99901304
11/03/2024,175.445,182.87,174.8,177.77,85391531,177.77,1.39,99947062.95
12/03/2024,177.77,179.43,172.4101,177.54,87391680,177.54,-0.13,99541716.85
13/03/2024,173.05,176.05,169.15,169.48,106524492,169.48,-4.54,100529967.6
14/03/2024,167.77,171.17,160.51,162.5,126325695,162.5,-4.12,102786102.8
15/03/2024,163.16,165.1845,160.76,163.57,97146828,163.57,0.66,101601854.3
18/03/2024,170.02,174.72,165.9,173.8,108214398,173.8,6.25,101445239.1
19/03/2024,172.36,172.82,167.42,171.32,77271430,171.32,-1.43,100081520.7
20/03/2024,173,176.25,170.82,175.66,83846727,175.66,2.53,99081657.05
21/03/2024,176.39,178.18,171.8,172.82,73178008,172.82,-1.62,98103584.8
22/03/2024,166.69,171.2,166.3,170.83,75580641,170.83,-1.15,97940520.75
25/03/2024,168.76,175.24,168.73,172.63,74228625,172.63,1.05,96064596.9
26/03/2024,178.58,184.25,177.38,177.67,113186203,177.67,2.92,96291637.15
27/03/2024,181.41,181.91,176,179.83,81804039,179.83,1.22,95391530.5
28/03/2024,177.45,179.57,175.3,175.79,77654844,175.79,-2.25,94978924.25
01/04/2024,176.17,176.75,170.21,175.22,81562125,175.22,-0.32,94944874.65
02/04/2024,164.75,167.69,163.43,166.63,116650602,166.63,-4.9,94060660.2
03/04/2024,164.02,168.82,163.28,168.38,82950141,168.38,1.05,92225127.4
04/04/2024,170.07,177.19,168.01,171.11,123162000,171.11,1.62,92987182.5
05/04/2024,169.08,170.86,160.51,164.9,143157594,164.9,-3.63,95038612.2
08/04/2024,169.34,174.5,167.79,172.98,104423297,172.98,4.9,95982545
09/04/2024,172.91,179.22,171.92,176.88,103232703,176.88,2.25,96874603.6
10/04/2024,173.04,174.93,170.01,171.76,84532406,171.76,-2.89,96731639.9
11/04/2024,172.55,175.88,168.51,174.6,94515992,174.6,1.65,96131214.9
12/04/2024,172.34,173.8099,170.3644,171.05,64722672,171.05,-2.03,93051063.75
15/04/2024,170.24,170.69,161.38,161.48,100245310,161.48,-5.59,93205987.85
